player,player_id,country,amateur,exp_sg_per_round,baseline_cut_rate,starts_before,confidence,source,sim_win_pct,sim_top5_pct,sim_top10_pct,sim_top20_pct,best_calibrated_target_win_prob,best_calibrated_target_top10_prob,best_calibrated_target_top20_prob,best_calibrated_target_made_cut_prob,best_calibrated_target_win_model,best_calibrated_target_top10_model,best_calibrated_target_top20_model,best_calibrated_target_made_cut_model,projected_score_to_par,projected_total_strokes,quality_flags
Jordan Spieth,5467,USA,False,1.2479445214742522,0.7672989412940915,20,0.55,masters_prediction_fallback,9.022,26.240000000000002,38.513999999999996,54.286,0.09022,0.41994601134387766,0.5661554306237474,0.8587012220635183,mc_baseline,mc_logit_baseline,mc_logit_baseline,cut_logit_baseline,-4.991778085897009,279.008221914103,"[""fallback_source""]"
Christiaan Bezuidenhout,9243,South Africa,False,0.4574228849816367,0.7072112074860515,20,0.55,masters_prediction_fallback,2.634,10.17,17.772,30.252000000000002,0.02634,0.2080909307437782,0.33355100777998753,0.6885384721788578,mc_baseline,mc_logit_baseline,mc_logit_baseline,cut_logit_baseline,-1.8296915399265468,282.17030846007344,"[""fallback_source""]"
Tom Kim,4602673,South Korea,False,0.2813191379301036,0.6848940555689871,20,0.55,masters_prediction_fallback,1.7659999999999998,8.102,14.508,25.502000000000002,0.01766,0.17302195681965093,0.2864687535493294,0.634793523405994,mc_baseline,mc_logit_baseline,mc_logit_baseline,cut_logit_baseline,-1.1252765517204144,282.8747234482796,"[""fallback_source""]"
Taylor Pendrith,9658,Canada,False,0.1786187536457378,0.6450115819281951,20,0.55,masters_prediction_fallback,1.354,6.566,12.267999999999999,22.644000000000002,0.01354,0.15051912216539767,0.258432940749845,0.5907172540924948,mc_baseline,mc_logit_baseline,mc_logit_baseline,cut_logit_baseline,-0.7144750145829512,283.28552498541706,"[""fallback_source""]"
Denny McCarthy,10054,USA,False,0.119295062298884,0.6050649245492463,20,0.55,masters_prediction_fallback,1.322,6.212,11.59,21.386,0.01322,0.14230433160865225,0.24543689794167953,0.5574451480515762,mc_baseline,mc_logit_baseline,mc_logit_baseline,cut_logit_baseline,-0.477180249195536,283.52281975080444,"[""fallback_source""]"
Daniel Berger,9025,USA,False,0.0918463424393007,0.7110971663001154,20,0.55,masters_prediction_fallback,1.22,5.772,10.886,20.518,0.0122,0.13561732686117686,0.23715170923538031,0.5937497237677346,mc_baseline,mc_logit_baseline,mc_logit_baseline,cut_logit_baseline,-0.3673853697572028,283.6326146302428,"[""fallback_source""]"
Tony Finau,2230,USA,False,0.0433885075328024,0.5585515576340663,20,0.55,masters_prediction_fallback,1.118,5.514,10.652000000000001,19.916,0.01118,0.13144209424724784,0.22999361552356296,0.5161030369186446,mc_baseline,mc_logit_baseline,mc_logit_baseline,cut_logit_baseline,-0.1735540301312096,283.8264459698688,"[""fallback_source""]"
Sungjae Im,11382,South Korea,False,-0.0522268096306321,0.5894163583915191,20,0.55,masters_prediction_fallback,0.996,4.842,9.286,17.768,0.00996,0.11665974093323922,0.20829208438143815,0.5017367375629417,mc_baseline,mc_logit_baseline,mc_logit_baseline,cut_logit_baseline,0.2089072385225284,284.20890723852256,"[""fallback_source""]"
Max Greyserman,11101,USA,False,-0.061812477670774,0.594124161112281,20,0.55,masters_prediction_fallback,0.9560000000000001,4.66,8.824,17.094,0.00956,0.11275721696035768,0.20245526811451758,0.5009816798809817,mc_baseline,mc_logit_baseline,mc_logit_baseline,cut_logit_baseline,0.247249910683096,284.2472499106831,"[""fallback_source""]"
Keegan Bradley,4513,USA,False,-0.0470319603444242,0.546836427436616,20,0.55,masters_prediction_fallback,0.914,4.656,9.214,17.413999999999998,0.00914,0.11635816861294829,0.20570178300916242,0.48513817217015104,mc_baseline,mc_logit_baseline,mc_logit_baseline,cut_logit_baseline,0.1881278413776968,284.1881278413777,"[""fallback_source""]"
Davis Thompson,4602218,USA,False,-0.1052439332234035,0.6136714940688234,20,0.55,masters_prediction_fallback,0.8500000000000001,4.132000000000001,8.27,16.222,0.0085,0.10665918819614298,0.19348327800455778,0.4968027977547613,mc_baseline,mc_logit_baseline,mc_logit_baseline,cut_logit_baseline,0.420975732893614,284.4209757328936,"[""fallback_source""]"
Max Homa,8973,USA,False,-0.1270240741583693,0.570237206214385,20,0.55,masters_prediction_fallback,0.8240000000000001,4.224,8.324,16.176,0.00824,0.10611393448486736,0.19212657854329995,0.47211037001265455,mc_baseline,mc_logit_baseline,mc_logit_baseline,cut_logit_baseline,0.5080962966334772,284.5080962966335,"[""fallback_source""]"
Zach Johnson,686,USA,False,-0.1587414691033566,0.5843055735298653,20,0.55,masters_prediction_fallback,0.784,3.8960000000000004,7.8340000000000005,15.528,0.00784,0.101083750469945,0.1855178335250282,0.46898158070130014,mc_baseline,mc_logit_baseline,mc_logit_baseline,cut_logit_baseline,0.6349658764134264,284.63496587641345,"[""fallback_source""]"
Stephan Jaeger,6937,Germany,False,-0.1969420669503339,0.5769961825136131,20,0.55,masters_prediction_fallback,0.774,3.7479999999999998,7.426000000000001,14.93,0.00774,0.09643624834471211,0.17904212324495877,0.45497483288239027,mc_baseline,mc_logit_baseline,mc_logit_baseline,cut_logit_baseline,0.7877682678013356,284.7877682678013,"[""fallback_source""]"
David Skinns,3257,England,False,-0.2360743144110484,0.5,0,0.35,field_only_baseline,0.736,3.5340000000000003,7.081999999999999,14.241999999999999,0.00736,0.09228010466794614,0.17183335159081775,0.41181060203232944,mc_baseline,mc_logit_baseline,mc_logit_baseline,cut_logit_baseline,0.9442972576441936,284.94429725764417,"[""low_history"", ""fallback_source""]"
Will Gordon,4565482,USA,False,-0.2540630380201766,0.5,0,0.35,field_only_baseline,0.7020000000000001,3.406,6.9639999999999995,13.954,0.00702,0.09068738749913065,0.1687554526693263,0.40680903780284705,mc_baseline,mc_logit_baseline,mc_logit_baseline,cut_logit_baseline,1.0162521520807064,285.0162521520807,"[""low_history"", ""fallback_source""]"
Neal Shipley,5209442,USA,False,-0.24935412420526942,0.5,0,0.35,field_only_baseline,0.692,3.3320000000000003,6.664000000000001,13.654,0.00692,0.08862162957588292,0.1665574358214798,0.4081164780859885,mc_baseline,mc_logit_baseline,mc_logit_baseline,cut_logit_baseline,0.9974164968210777,284.9974164968211,"[""low_history"", ""fallback_source""]"
Peter Malnati,5692,USA,False,-0.24967780291444572,0.5,0,0.35,field_only_baseline,0.688,3.4160000000000004,6.782000000000001,13.883999999999999,0.00688,0.0894939421948124,0.16838353834781658,0.4080265661197953,mc_baseline,mc_logit_baseline,mc_logit_baseline,cut_logit_baseline,0.9987112116577829,284.9987112116578,"[""low_history"", ""fallback_source""]"
Rico Hoey,11385,Philippines,False,-0.24298538182815196,0.5,0,0.35,field_only_baseline,0.6819999999999999,3.47,6.97,13.991999999999999,0.00682,0.09116696120504328,0.1695352938043333,0.4098868410675593,mc_baseline,mc_logit_baseline,mc_logit_baseline,cut_logit_baseline,0.9719415273126079,284.9719415273126,"[""low_history"", ""fallback_source""]"
Johnny Keefer,5217048,USA,False,-0.26010118894397777,0.5,0,0.35,field_only_baseline,0.6779999999999999,3.312,6.768000000000001,13.786000000000001,0.00678,0.08898218984726042,0.16715307955571138,0.40513446422280996,mc_baseline,mc_logit_baseline,mc_logit_baseline,cut_logit_baseline,1.040404755775911,285.0404047557759,"[""low_history"", ""fallback_source""]"
Ryan Voois,5364557,USA,False,-0.2364320290953461,0.5,0,0.35,field_only_baseline,0.672,3.604,7.180000000000001,14.376,0.00672,0.09300092860015956,0.17288990180016023,0.41171096206813823,mc_baseline,mc_logit_baseline,mc_logit_baseline,cut_logit_baseline,0.9457281163813844,284.94572811638136,"[""low_history"", ""fallback_source""]"
Troy Merritt,3970,USA,False,-0.2379054928018957,0.5,0,0.35,field_only_baseline,0.672,3.36,6.808,14.005999999999998,0.00672,0.09015257996348351,0.1698662882895124,0.41130061116040634,mc_baseline,mc_logit_baseline,mc_logit_baseline,cut_logit_baseline,0.9516219712075829,284.9516219712076,"[""low_history"", ""fallback_source""]"
Alejandro Tosti,4358081,Argentina,False,-0.23538993631964317,0.5,0,0.35,field_only_baseline,0.67,3.3939999999999997,6.764,13.952,0.0067,0.08992223790257046,0.1695429168680526,0.41200125289567185,mc_baseline,mc_logit_baseline,mc_logit_baseline,cut_logit_baseline,0.9415597452785727,284.9415597452786,"[""low_history"", ""fallback_source""]"
A.J. Ewart,5075652,Canada,False,-0.2611088663097724,0.5,0,0.35,field_only_baseline,0.67,3.288,6.776,13.741999999999999,0.0067,0.08900305384522972,0.166758029578567,0.4048552165563239,mc_baseline,mc_logit_baseline,mc_logit_baseline,cut_logit_baseline,1.0444354652390897,285.0444354652391,"[""low_history"", ""fallback_source""]"
John VanDerLaan,4361934,USA,False,-0.25461898994623194,0.5,0,0.35,field_only_baseline,0.668,3.318,6.868,14.02,0.00668,0.08994568269776823,0.169259633995372,0.40665476324583605,mc_baseline,mc_logit_baseline,mc_logit_baseline,cut_logit_baseline,1.0184759597849278,285.01847595978495,"[""low_history"", ""fallback_source""]"
Michael Brennan,4921329,USA,False,-0.23556837039314404,0.5,0,0.35,field_only_baseline,0.666,3.3320000000000003,6.986000000000001,14.191999999999998,0.00666,0.09158016213155287,0.17145520761689031,0.4119515430145765,mc_baseline,mc_logit_baseline,mc_logit_baseline,cut_logit_baseline,0.9422734815725762,284.94227348157256,"[""low_history"", ""fallback_source""]"
Andrew Putnam,5502,USA,False,-0.24702991529182297,0.5,0,0.35,field_only_baseline,0.666,3.372,6.827999999999999,13.774000000000001,0.00666,0.08994283267949701,0.1676172872711098,0.40876228069486303,mc_baseline,mc_logit_baseline,mc_logit_baseline,cut_logit_baseline,0.9881196611672919,284.9881196611673,"[""low_history"", ""fallback_source""]"
Michael Feagles,4426180,USA,False,-0.23920141322170418,0.5,0,0.35,field_only_baseline,0.664,3.55,7.052,14.05,0.00664,0.09193132054688896,0.17016237411479002,0.4109398069245733,mc_baseline,mc_logit_baseline,mc_logit_baseline,cut_logit_baseline,0.9568056528868167,284.9568056528868,"[""low_history"", ""fallback_source""]"
Joel Dahmen,6196,USA,False,-0.2361542001858247,0.5,0,0.35,field_only_baseline,0.662,3.3300000000000005,6.941999999999999,14.161999999999999,0.00662,0.09122693846915404,0.1711899010914169,0.4117883495487875,mc_baseline,mc_logit_baseline,mc_logit_baseline,cut_logit_baseline,0.9446168007432988,284.9446168007433,"[""low_history"", ""fallback_source""]"
Rickie Fowler,3702,USA,False,-0.2475096491054887,0.5,0,0.35,field_only_baseline,0.662,3.34,6.88,13.998,0.00662,0.09031399330144849,0.16938866869168884,0.40862895641496466,mc_baseline,mc_logit_baseline,mc_logit_baseline,cut_logit_baseline,0.9900385964219548,284.990038596422,"[""low_history"", ""fallback_source""]"
Patrick Adler,5364556,USA,False,-0.24373415934590953,0.5,0,0.35,field_only_baseline,0.662,3.3520000000000003,6.868,13.896,0.00662,0.09037246105444575,0.16873505573710926,0.40967857611747494,mc_baseline,mc_logit_baseline,mc_logit_baseline,cut_logit_baseline,0.9749366373836381,284.9749366373836,"[""low_history"", ""fallback_source""]"
Blades Brown,5211425,USA,False,-0.23771006985397777,0.5,0,0.35,field_only_baseline,0.662,3.454,6.958,14.052000000000001,0.00662,0.09128531456575692,0.17024272285328398,0.4113550282105689,mc_baseline,mc_logit_baseline,mc_logit_baseline,cut_logit_baseline,0.9508402794159111,284.9508402794159,"[""low_history"", ""fallback_source""]"
Jackson Suber,4982182,USA,False,-0.25158903656913645,0.5,0,0.35,field_only_baseline,0.662,3.35,6.902,13.966000000000001,0.00662,0.09031909609299638,0.1689575187038188,0.4074957863965993,mc_baseline,mc_logit_baseline,mc_logit_baseline,cut_logit_baseline,1.0063561462765458,285.0063561462766,"[""low_history"", ""fallback_source""]"
Adam Hadwin,5548,Canada,False,-0.23746745498908392,0.5,0,0.35,field_only_baseline,0.66,3.4520000000000004,7.048,14.280000000000001,0.0066,0.09196991870107904,0.17207719526220755,0.41142258923624103,mc_baseline,mc_logit_baseline,mc_logit_baseline,cut_logit_baseline,0.9498698199563357,284.94986981995635,"[""low_history"", ""fallback_source""]"
Pontus Nyholm,4375977,Sweden,False,-0.24054375660967636,0.5,0,0.35,field_only_baseline,0.658,3.3779999999999997,7.0760000000000005,14.124,0.00658,0.09205828266157673,0.17069649083437943,0.41056617879436236,mc_baseline,mc_logit_baseline,mc_logit_baseline,cut_logit_baseline,0.9621750264387054,284.96217502643873,"[""low_history"", ""fallback_source""]"
Vince Whaley,4408315,USA,False,-0.2622729874978012,0.5,0,0.35,field_only_baseline,0.656,3.376,6.736000000000001,13.832,0.00656,0.08865788280503238,0.16742832049037915,0.4045326918222517,mc_baseline,mc_logit_baseline,mc_logit_baseline,cut_logit_baseline,1.0490919499912048,285.0490919499912,"[""low_history"", ""fallback_source""]"
Adrien Dumont de Chassart,5076011,Belgium,False,-0.23916004165638238,0.5,0,0.35,field_only_baseline,0.656,3.298,6.888,13.86,0.00656,0.09070295612956154,0.16864415864855853,0.4109513239286742,mc_baseline,mc_logit_baseline,mc_logit_baseline,cut_logit_baseline,0.9566401666255295,284.9566401666255,"[""low_history"", ""fallback_source""]"
Ben Martin,4638,USA,False,-0.23909880129250205,0.5,0,0.35,field_only_baseline,0.654,3.3300000000000005,6.874,13.974,0.00654,0.0906003773074397,0.1695588002692725,0.4109683721821728,mc_baseline,mc_logit_baseline,mc_logit_baseline,cut_logit_baseline,0.9563952051700082,284.95639520517,"[""low_history"", ""fallback_source""]"
Ben Kohles,6922,USA,False,-0.23827483241755396,0.5,0,0.35,field_only_baseline,0.652,3.3939999999999997,6.81,13.896,0.00652,0.09015296535525427,0.168970349378747,0.4111977715778432,mc_baseline,mc_logit_baseline,mc_logit_baseline,cut_logit_baseline,0.9530993296702158,284.95309932967024,"[""low_history"", ""fallback_source""]"
S.Y. Noh,4267,South Korea,False,-0.24459594109551885,0.5,0,0.35,field_only_baseline,0.652,3.2840000000000003,6.787999999999999,13.877999999999998,0.00652,0.08973853139277052,0.16855396566585848,0.4094389202741951,mc_baseline,mc_logit_baseline,mc_logit_baseline,cut_logit_baseline,0.9783837643820754,284.9783837643821,"[""low_history"", ""fallback_source""]"
Karl Vilips,5147097,Australia,False,-0.2361183202339146,0.5,0,0.35,field_only_baseline,0.65,3.4299999999999997,6.814000000000001,13.832,0.0065,0.09026836051207687,0.16855145083601944,0.4117983439999625,mc_baseline,mc_logit_baseline,mc_logit_baseline,cut_logit_baseline,0.9444732809356584,284.94447328093565,"[""low_history"", ""fallback_source""]"
Zach Bauchou,10030,USA,False,-0.2620391699362172,0.5,0,0.35,field_only_baseline,0.65,3.168,6.564,13.424,0.0065,0.08737695203866222,0.1641743026170301,0.40459746536645985,mc_baseline,mc_logit_baseline,mc_logit_baseline,cut_logit_baseline,1.0481566797448687,285.04815667974486,"[""low_history"", ""fallback_source""]"
Andrew Novak,11332,USA,False,-0.2489998467508703,0.5,0,0.35,field_only_baseline,0.65,3.472,6.9639999999999995,13.819999999999999,0.0065,0.09088552025292895,0.16790064939390073,0.40821489686831847,mc_baseline,mc_logit_baseline,mc_logit_baseline,cut_logit_baseline,0.9959993870034812,284.9959993870035,"[""low_history"", ""fallback_source""]"
Jeffrey Kang,4408318,USA,False,-0.2417013359038861,0.5,0,0.35,field_only_baseline,0.65,3.402,6.868,14.402000000000001,0.0065,0.09045259224794029,0.17287060247873512,0.4102440607555621,mc_baseline,mc_logit_baseline,mc_logit_baseline,cut_logit_baseline,0.9668053436155444,284.96680534361553,"[""low_history"", ""fallback_source""]"
Erik van Rooyen,9364,South Africa,False,-0.24834947861576206,0.5,0,0.35,field_only_baseline,0.65,3.396,6.8580000000000005,13.836,0.0065,0.09011603081222153,0.1680565841352165,0.4083955892187834,mc_baseline,mc_logit_baseline,mc_logit_baseline,cut_logit_baseline,0.9933979144630483,284.99339791446306,"[""low_history"", ""fallback_source""]"
Ryo Hisatsune,4858572,Japan,False,-0.2606011733938011,0.5,0,0.35,field_only_baseline,0.6479999999999999,3.318,6.704000000000001,13.618,0.00648,0.08848276742895353,0.16578771677057774,0.4049959007896275,mc_baseline,mc_logit_baseline,mc_logit_baseline,cut_logit_baseline,1.0424046935752045,285.0424046935752,"[""low_history"", ""fallback_source""]"
Séamus Power,6001,Ireland,False,-0.25212416420158096,0.5,0,0.35,field_only_baseline,0.6479999999999999,3.3259999999999996,6.678000000000001,13.482,0.00648,0.08861816114053614,0.1650625665733171,0.4073472116332444,mc_baseline,mc_logit_baseline,mc_logit_baseline,cut_logit_baseline,1.0084966568063238,285.0084966568063,"[""low_history"", ""fallback_source""]"
Taylor Moore,10664,USA,False,-0.26016968482294345,0.5,0,0.35,field_only_baseline,0.6459999999999999,3.2779999999999996,6.723999999999999,13.786000000000001,0.00646,0.08864952857499395,0.16715015265316935,0.40511548069006265,mc_baseline,mc_logit_baseline,mc_logit_baseline,cut_logit_baseline,1.0406787392917738,285.04067873929176,"[""low_history"", ""fallback_source""]"
Harry Higgs,4844,USA,False,-0.25572574395004793,0.5,0,0.35,field_only_baseline,0.644,3.298,6.628,13.636000000000001,0.00644,0.08810250399163917,0.1661402350391141,0.40634769803650755,mc_baseline,mc_logit_baseline,mc_logit_baseline,cut_logit_baseline,1.0229029758001917,285.0229029758002,"[""low_history"", ""fallback_source""]"
Aaron Wise,10577,USA,False,-0.25462701058239373,0.5,0,0.35,field_only_baseline,0.644,3.258,6.837999999999999,13.808000000000002,0.00644,0.08972036963917715,0.16756329041052628,0.4066525376843026,mc_baseline,mc_logit_baseline,mc_logit_baseline,cut_logit_baseline,1.018508042329575,285.0185080423296,"[""low_history"", ""fallback_source""]"
Steven Fisk,4426182,USA,False,-0.2626228430791811,0.5,0,0.35,field_only_baseline,0.642,3.238,6.6659999999999995,13.569999999999999,0.00642,0.08811931603134253,0.16531738645327254,0.404435778940433,mc_baseline,mc_logit_baseline,mc_logit_baseline,cut_logit_baseline,1.0504913723167244,285.05049137231674,"[""low_history"", ""fallback_source""]"
Fabián Gómez,3375,Argentina,False,-0.23956337190106589,0.5,0,0.35,field_only_baseline,0.642,3.396,7.088,14.066,0.00642,0.09218701326058408,0.17027476267471192,0.4108390491382508,mc_baseline,mc_logit_baseline,mc_logit_baseline,cut_logit_baseline,0.9582534876042635,284.9582534876043,"[""low_history"", ""fallback_source""]"
Trace Crowe,11183,USA,False,-0.24655842588319407,0.5,0,0.35,field_only_baseline,0.642,3.306,6.686,13.755999999999998,0.00642,0.08889635559024789,0.16749355582147685,0.4088933268257263,mc_baseline,mc_logit_baseline,mc_logit_baseline,cut_logit_baseline,0.9862337035327763,284.9862337035328,"[""low_history"", ""fallback_source""]"
Jonathan Byrd,508,USA,False,-0.2363371291037968,0.5,0,0.35,field_only_baseline,0.64,3.472,7.04,14.12,0.0064,0.09195468903575092,0.17084600031743155,0.4117373953681256,mc_baseline,mc_logit_baseline,mc_logit_baseline,cut_logit_baseline,0.9453485164151872,284.9453485164152,"[""low_history"", ""fallback_source""]"
Luke Gutschewski,5223199,USA,False,-0.24573677834140528,0.5,0,0.35,field_only_baseline,0.64,3.3520000000000003,6.862,13.974,0.0064,0.0902486520817699,0.1692728872959696,0.409121727110898,mc_baseline,mc_logit_baseline,mc_logit_baseline,cut_logit_baseline,0.9829471133656211,284.98294711336564,"[""low_history"", ""fallback_source""]"
Tyler Duncan,9569,USA,False,-0.24708617794376012,0.5,0,0.35,field_only_baseline,0.64,3.164,6.68,13.84,0.0064,0.08883062283055768,0.16814286891795216,0.40874664387540355,mc_baseline,mc_logit_baseline,mc_logit_baseline,cut_logit_baseline,0.9883447117750405,284.988344711775,"[""low_history"", ""fallback_source""]"
Jimmy Stanger,10990,USA,False,-0.2627660204371824,0.5,0,0.35,field_only_baseline,0.638,3.198,6.61,13.604,0.00638,0.08769376501085627,0.16558327542692935,0.4043961197797906,mc_baseline,mc_logit_baseline,mc_logit_baseline,cut_logit_baseline,1.0510640817487296,285.05106408174873,"[""low_history"", ""fallback_source""]"
Kevin Roy,4408320,USA,False,-0.2639441178620197,0.5,0,0.35,field_only_baseline,0.638,3.3419999999999996,6.686,13.386000000000001,0.00638,0.08821811505395766,0.16378900753307765,0.40406984220136016,mc_baseline,mc_logit_baseline,mc_logit_baseline,cut_logit_baseline,1.0557764714480788,285.0557764714481,"[""low_history"", ""fallback_source""]"
Paul Peterson,9600,USA,False,-0.25081028510020353,0.5,0,0.35,field_only_baseline,0.638,3.4160000000000004,6.848,13.767999999999999,0.00638,0.08994457856932267,0.16740692994617357,0.407712031974779,mc_baseline,mc_logit_baseline,mc_logit_baseline,cut_logit_baseline,1.0032411404008141,285.0032411404008,"[""low_history"", ""fallback_source""]"
Garrick Higgo,11393,South Africa,False,-0.255768113946721,0.5,0,0.35,field_only_baseline,0.634,3.334,6.758,13.712,0.00634,0.0890758517654422,0.166746420929118,0.4063359440754268,mc_baseline,mc_logit_baseline,mc_logit_baseline,cut_logit_baseline,1.023072455786884,285.02307245578686,"[""low_history"", ""fallback_source""]"
Kensei Hirata,5075548,Japan,False,-0.25743914446850286,0.5,0,0.35,field_only_baseline,0.632,3.26,6.776,13.882,0.00632,0.08914573601243914,0.16803490188517653,0.4058724652235333,mc_baseline,mc_logit_baseline,mc_logit_baseline,cut_logit_baseline,1.0297565778740114,285.029756577874,"[""low_history"", ""fallback_source""]"
William Mouw,5076025,USA,False,-0.24056076568448004,0.5,0,0.35,field_only_baseline,0.632,3.2680000000000002,6.572,13.626,0.00632,0.08827761098600015,0.16671175760617613,0.41056144514599263,mc_baseline,mc_logit_baseline,mc_logit_baseline,cut_logit_baseline,0.9622430627379202,284.9622430627379,"[""low_history"", ""fallback_source""]"
Matt Wallace,10548,England,False,-0.24584427916231666,0.5,0,0.35,field_only_baseline,0.63,3.2039999999999997,6.686,13.934,0.0063,0.0889244252990008,0.16894826394103657,0.40909184197010506,mc_baseline,mc_logit_baseline,mc_logit_baseline,cut_logit_baseline,0.9833771166492666,284.98337711664925,"[""low_history"", ""fallback_source""]"
Keita Nakajima,4699418,Japan,False,-0.2578166045906992,0.5,0,0.35,field_only_baseline,0.63,3.46,6.948,13.902000000000001,0.0063,0.0904210398929874,0.16817875430187199,0.40576779565477933,mc_baseline,mc_logit_baseline,mc_logit_baseline,cut_logit_baseline,1.0312664183627969,285.0312664183628,"[""low_history"", ""fallback_source""]"
Michael Thorbjornsen,4425904,USA,False,-0.23848030787973673,0.5,0,0.35,field_only_baseline,0.63,3.3520000000000003,7.016,13.825999999999999,0.0063,0.09168983670767875,0.1684014831810559,0.41114056198081234,mc_baseline,mc_logit_baseline,mc_logit_baseline,cut_logit_baseline,0.9539212315189469,284.95392123151896,"[""low_history"", ""fallback_source""]"
Kris Ventura,4351896,Norway,False,-0.24840317415618413,0.5,0,0.35,field_only_baseline,0.626,3.3480000000000003,6.726,13.648,0.00626,0.0891239240946596,0.1665502774856153,0.40838067000120837,mc_baseline,mc_logit_baseline,mc_logit_baseline,cut_logit_baseline,0.9936126966247365,284.9936126966247,"[""low_history"", ""fallback_source""]"
Mac Meissner,4791222,USA,False,-0.26026055485831123,0.5,0,0.35,field_only_baseline,0.624,3.366,6.648,13.254,0.00624,0.08807599823337822,0.16289026981901522,0.4050902966305216,mc_baseline,mc_logit_baseline,mc_logit_baseline,cut_logit_baseline,1.041042219433245,285.0410422194332,"[""low_history"", ""fallback_source""]"
Beau Hossler,6011,USA,False,-0.23850499846588472,0.5,0,0.35,field_only_baseline,0.624,3.504,7.052,14.208000000000002,0.00624,0.09195886003621317,0.17145641784482687,0.4111336876550305,mc_baseline,mc_logit_baseline,mc_logit_baseline,cut_logit_baseline,0.9540199938635389,284.95401999386354,"[""low_history"", ""fallback_source""]"
Chandler Phillips,4587989,USA,False,-0.24922513892506834,0.5,0,0.35,field_only_baseline,0.624,3.3480000000000003,6.7860000000000005,13.877999999999998,0.00624,0.08954168641915729,0.1683549744970177,0.4081523095282742,mc_baseline,mc_logit_baseline,mc_logit_baseline,cut_logit_baseline,0.9969005557002734,284.9969005557003,"[""low_history"", ""fallback_source""]"
Jeremy Paul,10588,Germany,False,-0.2570265631661812,0.5,0,0.35,field_only_baseline,0.624,3.25,6.69,13.900000000000002,0.00624,0.08851680482873067,0.16819655508732476,0.40598688366832036,mc_baseline,mc_logit_baseline,mc_logit_baseline,cut_logit_baseline,1.0281062526647249,285.0281062526647,"[""low_history"", ""fallback_source""]"
Haotong Li,9221,China,False,-0.26380029876455674,0.5,0,0.35,field_only_baseline,0.622,3.088,6.546,13.482,0.00622,0.08717368547885448,0.1645631426659522,0.4041096687884093,mc_baseline,mc_logit_baseline,mc_logit_baseline,cut_logit_baseline,1.055201195058227,285.0552011950582,"[""low_history"", ""fallback_source""]"
Chandler Blanchet,4618114,USA,False,-0.2583640301235402,0.5,0,0.35,field_only_baseline,0.622,3.372,6.906,13.944,0.00622,0.09008473450213769,0.16849134056428444,0.4056160099493933,mc_baseline,mc_logit_baseline,mc_logit_baseline,cut_logit_baseline,1.0334561204941608,285.0334561204942,"[""low_history"", ""fallback_source""]"
Thorbjørn Olesen,5140,Denmark,False,-0.23631661073568197,0.5,0,0.35,field_only_baseline,0.622,3.2460000000000004,6.7299999999999995,13.832,0.00622,0.08963050211982125,0.1685428864822331,0.4117431105902794,mc_baseline,mc_logit_baseline,mc_logit_baseline,cut_logit_baseline,0.9452664429427279,284.94526644294274,"[""low_history"", ""fallback_source""]"
Luke Clanton,5215039,USA,False,-0.2570679899263354,0.5,0,0.35,field_only_baseline,0.622,3.152,6.542000000000001,13.746,0.00622,0.08740519113034591,0.1669627824033509,0.4059753945976009,mc_baseline,mc_logit_baseline,mc_logit_baseline,cut_logit_baseline,1.0282719597053416,285.02827195970536,"[""low_history"", ""fallback_source""]"
Chad Ramey,10057,USA,False,-0.2588433561995261,0.5,0,0.35,field_only_baseline,0.622,3.274,6.654,13.758000000000001,0.00622,0.08817608746138617,0.16698284424168602,0.40548312111796364,mc_baseline,mc_logit_baseline,mc_logit_baseline,cut_logit_baseline,1.0353734247981043,285.0353734247981,"[""low_history"", ""fallback_source""]"
Jackson Koivun,5215013,USA,False,-0.24299591744039112,0.5,0,0.35,field_only_baseline,0.622,3.308,6.776,13.99,0.00622,0.08971154599892986,0.169518840126704,0.40988391046840855,mc_baseline,mc_logit_baseline,mc_logit_baseline,cut_logit_baseline,0.9719836697615645,284.9719836697616,"[""low_history"", ""fallback_source""]"
Luke List,1059,USA,False,-0.2357492464153909,0.5,0,0.35,field_only_baseline,0.62,3.386,6.837999999999999,13.911999999999999,0.0062,0.090462990586993,0.16920739348154978,0.41190115466518024,mc_baseline,mc_logit_baseline,mc_logit_baseline,cut_logit_baseline,0.9429969856615636,284.9429969856616,"[""low_history"", ""fallback_source""]"
Doug Ghim,11456,USA,False,-0.2506113861560848,0.5,0,0.35,field_only_baseline,0.618,3.3099999999999996,6.8500000000000005,13.600000000000001,0.00618,0.08996736717952061,0.16607146529951516,0.4077672684455344,mc_baseline,mc_logit_baseline,mc_logit_baseline,cut_logit_baseline,1.0024455446243392,285.0024455446243,"[""low_history"", ""fallback_source""]"
Chan Kim,5724,USA,False,-0.23712608310909153,0.5,0,0.35,field_only_baseline,0.618,3.292,6.834,13.81,0.00618,0.09037843547869723,0.1683319323974276,0.41151765680862235,mc_baseline,mc_logit_baseline,mc_logit_baseline,cut_logit_baseline,0.9485043324363661,284.94850433243636,"[""low_history"", ""fallback_source""]"
Augusto Núñez,10940,Argentina,False,-0.25903987467615863,0.5,0,0.35,field_only_baseline,0.618,3.254,6.710000000000001,13.766,0.00618,0.08858844452815459,0.16703844225671527,0.4054286421438714,mc_baseline,mc_logit_baseline,mc_logit_baseline,cut_logit_baseline,1.0361594987046345,285.03615949870465,"[""low_history"", ""fallback_source""]"
Ben Griffin,4404992,USA,False,-0.2477011263772615,0.5,0,0.35,field_only_baseline,0.616,3.3939999999999997,6.764,14.06,0.00616,0.08943647598674681,0.16987644038522884,0.40857574613723563,mc_baseline,mc_logit_baseline,mc_logit_baseline,cut_logit_baseline,0.990804505509046,284.99080450550906,"[""low_history"", ""fallback_source""]"
Patrick Fishburn,4358083,USA,False,-0.23963306647600444,0.5,0,0.35,field_only_baseline,0.616,3.356,6.787999999999999,13.808000000000002,0.00616,0.08993425890575435,0.1682077570042478,0.4108196492432165,mc_baseline,mc_logit_baseline,mc_logit_baseline,cut_logit_baseline,0.9585322659040177,284.958532265904,"[""low_history"", ""fallback_source""]"
Zecheng Dou,8889,China,False,-0.25859209837009944,0.5,0,0.35,field_only_baseline,0.616,3.2779999999999996,6.566,13.33,0.00616,0.08752586112159533,0.16356958765040247,0.4055527783594318,mc_baseline,mc_logit_baseline,mc_logit_baseline,cut_logit_baseline,1.0343683934803978,285.0343683934804,"[""low_history"", ""fallback_source""]"
Hayden Springer,10562,USA,False,-0.255466004563604,0.5,0,0.35,field_only_baseline,0.616,3.2620000000000005,6.714,13.719999999999999,0.00616,0.08875763385126301,0.16682335677502239,0.4064197552986008,mc_baseline,mc_logit_baseline,mc_logit_baseline,cut_logit_baseline,1.021864018254416,285.0218640182544,"[""low_history"", ""fallback_source""]"
Justin Lower,9144,USA,False,-0.26266948610722773,0.5,0,0.35,field_only_baseline,0.614,3.2140000000000004,6.454,13.626,0.00614,0.08652750759716743,0.1657633956146074,0.40442285899976366,mc_baseline,mc_logit_baseline,mc_logit_baseline,cut_logit_baseline,1.050677944428911,285.0506779444289,"[""low_history"", ""fallback_source""]"
Max McGreevy,11383,USA,False,-0.2421080782257738,0.5,0,0.35,field_only_baseline,0.614,3.344,6.81,13.814000000000002,0.00614,0.0900015482319068,0.1681490791421468,0.4101308953749146,mc_baseline,mc_logit_baseline,mc_logit_baseline,cut_logit_baseline,0.9684323129030952,284.9684323129031,"[""low_history"", ""fallback_source""]"
Nicholas Lindheim,6999,USA,False,-0.2517280196926389,0.5,0,0.35,field_only_baseline,0.614,3.3320000000000003,6.805999999999999,13.847999999999999,0.00614,0.08959365798208088,0.16800755705575907,0.4074571969943154,mc_baseline,mc_logit_baseline,mc_logit_baseline,cut_logit_baseline,1.0069120787705557,285.00691207877054,"[""low_history"", ""fallback_source""]"
Lanto Griffin,5962,USA,False,-0.2383404666728667,0.5,0,0.35,field_only_baseline,0.614,3.25,6.718,13.862,0.00614,0.08946036870212397,0.16869551719476442,0.4111794970700409,mc_baseline,mc_logit_baseline,mc_logit_baseline,cut_logit_baseline,0.9533618666914668,284.95336186669147,"[""low_history"", ""fallback_source""]"
Christo Lamprecht,11395,South Africa,False,-0.23869547387671086,0.5,0,0.35,field_only_baseline,0.614,3.286,6.851999999999999,13.868,0.00614,0.0904513261774455,0.16872819970535174,0.4110806568674001,mc_baseline,mc_logit_baseline,mc_logit_baseline,cut_logit_baseline,0.9547818955068434,284.95478189550687,"[""low_history"", ""fallback_source""]"
Danny Walker,4408319,USA,False,-0.24785715902523536,0.5,0,0.35,field_only_baseline,0.614,3.3480000000000003,6.842,13.832,0.00614,0.09001535109430175,0.16804573575315557,0.408532387272095,mc_baseline,mc_logit_baseline,mc_logit_baseline,cut_logit_baseline,0.9914286361009415,284.9914286361009,"[""low_history"", ""fallback_source""]"
Martin Laird,2571,Scotland,False,-0.2570877092336509,0.5,0,0.35,field_only_baseline,0.612,3.272,6.682,13.475999999999999,0.00612,0.08845442302284975,0.164801938610176,0.4059699257890923,mc_baseline,mc_logit_baseline,mc_logit_baseline,cut_logit_baseline,1.0283508369346035,285.0283508369346,"[""low_history"", ""fallback_source""]"
Webb Simpson,1614,USA,False,-0.2523067138384345,0.5,0,0.35,field_only_baseline,0.61,3.324,6.805999999999999,13.722000000000001,0.0061,0.0895710216665167,0.16697473810887165,0.40729653176878744,mc_baseline,mc_logit_baseline,mc_logit_baseline,cut_logit_baseline,1.009226855353738,285.00922685535375,"[""low_history"", ""fallback_source""]"
Marcelo Rozo,7120,Colombia,False,-0.23979837518064268,0.5,0,0.35,field_only_baseline,0.61,3.3099999999999996,6.688,13.944,0.0061,0.08917772647947184,0.16928862822001042,0.4107736357016722,mc_baseline,mc_logit_baseline,mc_logit_baseline,cut_logit_baseline,0.9591935007225707,284.95919350072256,"[""low_history"", ""fallback_source""]"
Noah Goodwin,4339409,USA,False,-0.25790792757712955,0.5,0,0.35,field_only_baseline,0.61,3.2439999999999998,6.773999999999999,13.84,0.0061,0.0891124849962556,0.16767884795714294,0.4057424731065124,mc_baseline,mc_logit_baseline,mc_logit_baseline,cut_logit_baseline,1.0316317103085182,285.03163171030855,"[""low_history"", ""fallback_source""]"
Matt Kuchar,257,USA,False,-0.24736966641907804,0.5,0,0.35,field_only_baseline,0.61,3.45,6.888,13.694,0.0061,0.09037948971555565,0.16696268457969982,0.4086678580401673,mc_baseline,mc_logit_baseline,mc_logit_baseline,cut_logit_baseline,0.9894786656763122,284.9894786656763,"[""low_history"", ""fallback_source""]"
Robert Streb,5619,USA,False,-0.2354060008727028,0.5,0,0.35,field_only_baseline,0.61,3.434,6.918,14.180000000000001,0.0061,0.09107660082301008,0.17136622277351135,0.4119967774043533,mc_baseline,mc_logit_baseline,mc_logit_baseline,cut_logit_baseline,0.9416240034908112,284.9416240034908,"[""low_history"", ""fallback_source""]"
Mackenzie Hughes,6931,Canada,False,-0.26410668855512204,0.5,0,0.35,field_only_baseline,0.61,3.1620000000000004,6.638,13.600000000000001,0.0061,0.0878518191441068,0.16549407296488416,0.4040248244177243,mc_baseline,mc_logit_baseline,mc_logit_baseline,cut_logit_baseline,1.0564267542204882,285.05642675422047,"[""low_history"", ""fallback_source""]"
Brice Garnett,2283,USA,False,-0.2620164398632516,0.5,0,0.35,field_only_baseline,0.608,3.2520000000000002,6.584,13.444,0.00608,0.08752783377906753,0.16433527306456214,0.40460376236496354,mc_baseline,mc_logit_baseline,mc_logit_baseline,cut_logit_baseline,1.0480657594530065,285.048065759453,"[""low_history"", ""fallback_source""]"
Dylan Wu,4423323,USA,False,-0.2637324529021821,0.5,0,0.35,field_only_baseline,0.608,3.206,6.5280000000000005,13.569999999999999,0.00608,0.08704131352801339,0.16527003702013665,0.4041284571987528,mc_baseline,mc_logit_baseline,mc_logit_baseline,cut_logit_baseline,1.0549298116087285,285.0549298116087,"[""low_history"", ""fallback_source""]"
Darin Fisher,11170,USA,False,-0.2547636207541832,0.5,0,0.35,field_only_baseline,0.604,3.254,6.622,13.56,0.00604,0.08809503784042855,0.16557343854854917,0.40661463176059925,mc_baseline,mc_logit_baseline,mc_logit_baseline,cut_logit_baseline,1.0190544830167327,285.01905448301676,"[""low_history"", ""fallback_source""]"
Hank Lebioda,11387,USA,False,-0.25244436405772447,0.5,0,0.35,field_only_baseline,0.602,3.2779999999999996,6.704000000000001,13.872000000000002,0.00602,0.08880063891377002,0.16816883553718584,0.4072583182918745,mc_baseline,mc_logit_baseline,mc_logit_baseline,cut_logit_baseline,1.0097774562308979,285.0097774562309,"[""low_history"", ""fallback_source""]"
Takumi Kanaya,4410612,Japan,False,-0.24504192117369777,0.5,0,0.35,field_only_baseline,0.6,3.3099999999999996,6.936000000000001,13.968,0.006,0.0908309819720643,0.16925477680406611,0.40931491302774053,mc_baseline,mc_logit_baseline,mc_logit_baseline,cut_logit_baseline,0.9801676846947911,284.9801676846948,"[""low_history"", ""fallback_source""]"
Carson Young,11143,USA,False,-0.23538846555407822,0.5,0,0.35,field_only_baseline,0.6,3.556,7.0120000000000005,14.216000000000001,0.006,0.09178229622983568,0.171654980415062,0.4120016626431559,mc_baseline,mc_logit_baseline,mc_logit_baseline,cut_logit_baseline,0.9415538622163129,284.9415538622163,"[""low_history"", ""fallback_source""]"
Emiliano Grillo,5882,Argentina,False,-0.2476910709433004,0.5,0,0.35,field_only_baseline,0.6,3.2399999999999998,6.746,13.516,0.006,0.08930187072906184,0.165524872477426,0.40857854042308056,mc_baseline,mc_logit_baseline,mc_logit_baseline,cut_logit_baseline,0.9907642837732016,284.9907642837732,"[""low_history"", ""fallback_source""]"
Keith Mitchell,8906,USA,False,-0.2623544504603731,0.5,0,0.35,field_only_baseline,0.598,3.2620000000000005,6.75,13.766,0.00598,0.08875972346351702,0.16689684292682416,0.4045101252444618,mc_baseline,mc_logit_baseline,mc_logit_baseline,cut_logit_baseline,1.0494178018414924,285.0494178018415,"[""low_history"", ""fallback_source""]"
Pierceson Coody,4837368,USA,False,-0.2453003033065005,0.5,0,0.35,field_only_baseline,0.594,3.292,6.722,13.904,0.00594,0.08921581753681986,0.1687316613297017,0.409243073711853,mc_baseline,mc_logit_baseline,mc_logit_baseline,cut_logit_baseline,0.981201213226002,284.98120121322603,"[""low_history"", ""fallback_source""]"
Zac Blair,9040,USA,False,-0.2567244592033616,0.5,0,0.35,field_only_baseline,0.594,3.2300000000000004,6.752,13.624,0.00594,0.08899357437914748,0.16600148335844492,0.4060706706374786,mc_baseline,mc_logit_baseline,mc_logit_baseline,cut_logit_baseline,1.0268978368134465,285.0268978368134,"[""low_history"", ""fallback_source""]"
Ben Silverman,8910,Canada,False,-0.24412973440930474,0.5,0,0.35,field_only_baseline,0.592,3.302,6.854,14.056,0.00592,0.09025188365826714,0.1699980288834455,0.4095685639570513,mc_baseline,mc_logit_baseline,mc_logit_baseline,cut_logit_baseline,0.976518937637219,284.9765189376372,"[""low_history"", ""fallback_source""]"
Dylan Frittelli,5167,South Africa,False,-0.2522352283022449,0.5,0,0.35,field_only_baseline,0.59,3.232,6.691999999999999,13.755999999999998,0.0059,0.08871881732040149,0.16724980362038344,0.4073163775184787,mc_baseline,mc_logit_baseline,mc_logit_baseline,cut_logit_baseline,1.0089409132089795,285.00894091320896,"[""low_history"", ""fallback_source""]"
Ryan Brehm,1548,USA,False,-0.24182615369484436,0.5,0,0.35,field_only_baseline,0.59,3.256,6.882000000000001,13.825999999999999,0.0059,0.09055266821675845,0.16825722472196547,0.410209332468553,mc_baseline,mc_logit_baseline,mc_logit_baseline,cut_logit_baseline,0.9673046147793775,284.9673046147794,"[""low_history"", ""fallback_source""]"
Kevin Streelman,1077,USA,False,-0.25153558892350075,0.5,0,0.35,field_only_baseline,0.588,3.254,6.744,13.791999999999998,0.00588,0.08913618755149041,0.1675678114269465,0.4075106267230487,mc_baseline,mc_logit_baseline,mc_logit_baseline,cut_logit_baseline,1.006142355694003,285.006142355694,"[""low_history"", ""fallback_source""]"
Gordon Sargent,5139663,USA,False,-0.2640026266265201,0.5,0,0.35,field_only_baseline,0.588,3.18,6.351999999999999,13.258000000000001,0.00588,0.08571084907418769,0.16276251174119732,0.40405364023349566,mc_baseline,mc_logit_baseline,mc_logit_baseline,cut_logit_baseline,1.0560105065060803,285.0560105065061,"[""low_history"", ""fallback_source""]"
Jacob Bridgeman,5054388,USA,False,-0.2618033434559599,0.5,0,0.35,field_only_baseline,0.586,3.282,6.6739999999999995,13.547999999999998,0.00586,0.088211100984641,0.16517637158120796,0.4046627987996543,mc_baseline,mc_logit_baseline,mc_logit_baseline,cut_logit_baseline,1.0472133738238396,285.04721337382387,"[""low_history"", ""fallback_source""]"
Eric Cole,10522,USA,False,-0.2388615271877175,0.5,0,0.35,field_only_baseline,0.584,3.3480000000000003,6.854,13.86,0.00584,0.09045975924991642,0.1686570358334549,0.4110344271897568,mc_baseline,mc_logit_baseline,mc_logit_baseline,cut_logit_baseline,0.95544610875087,284.9554461087509,"[""low_history"", ""fallback_source""]"
Lee Hodges,4404991,USA,False,-0.2564767498316888,0.5,0,0.35,field_only_baseline,0.582,3.166,6.510000000000001,13.553999999999998,0.00582,0.08718822699892229,0.16545208517683613,0.4061393756290441,mc_baseline,mc_logit_baseline,mc_logit_baseline,cut_logit_baseline,1.025906999326755,285.02590699932676,"[""low_history"", ""fallback_source""]"
Brendon Todd,3454,USA,False,-0.24980215285550852,0.5,0,0.35,field_only_baseline,0.582,3.164,6.619999999999999,13.708,0.00582,0.08827406889906676,0.16697019979301525,0.4079920256397574,mc_baseline,mc_logit_baseline,mc_logit_baseline,cut_logit_baseline,0.9992086114220341,284.99920861142203,"[""low_history"", ""fallback_source""]"
Cameron Champ,11098,USA,False,-0.2608637381451818,0.5,0,0.35,field_only_baseline,0.58,3.104,6.476,13.489999999999998,0.0058,0.08676257106669531,0.16475250013088583,0.4049231408404739,mc_baseline,mc_logit_baseline,mc_logit_baseline,cut_logit_baseline,1.0434549525807273,285.0434549525807,"[""low_history"", ""fallback_source""]"
Austin Eckroat,4425898,USA,False,-0.3191764194453573,0.5425243152244398,20,0.55,masters_prediction_fallback,0.5780000000000001,3.0460000000000003,6.172,12.686,0.00578,0.08227291199591152,0.1558628057824001,0.40618441044239695,mc_baseline,mc_logit_baseline,mc_logit_baseline,cut_logit_baseline,1.2767056777814292,285.2767056777814,"[""fallback_source""]"
Austin Smotherman,11056,USA,False,-0.2500098212750186,0.5,0,0.35,field_only_baseline,0.5760000000000001,3.18,6.660000000000001,13.746,0.00576,0.08856593145796278,0.1672652848974826,0.40793434394863276,mc_baseline,mc_logit_baseline,mc_logit_baseline,cut_logit_baseline,1.0000392851000743,285.00003928510006,"[""low_history"", ""fallback_source""]"
Adam Svensson,9127,Canada,False,-0.2546516558014908,0.5,0,0.35,field_only_baseline,0.5740000000000001,3.216,6.6739999999999995,13.836,0.00574,0.08848940770888994,0.16778623467612677,0.4066456991669883,mc_baseline,mc_logit_baseline,mc_logit_baseline,cut_logit_baseline,1.0186066232059632,285.018606623206,"[""low_history"", ""fallback_source""]"
David Lipsky,6701,USA,False,-0.26131516066992544,0.5,0,0.35,field_only_baseline,0.5740000000000001,3.254,6.868,13.934,0.00574,0.08968504587188358,0.16828521869845803,0.4047980558270035,mc_baseline,mc_logit_baseline,mc_logit_baseline,cut_logit_baseline,1.0452606426797018,285.0452606426797,"[""low_history"", ""fallback_source""]"
Camilo Villegas,1264,Colombia,False,-0.253698964516795,0.5,0,0.35,field_only_baseline,0.5700000000000001,3.25,6.696000000000001,13.533999999999999,0.0057,0.08869160664900426,0.16541105391804586,0.40691007678689234,mc_baseline,mc_logit_baseline,mc_logit_baseline,cut_logit_baseline,1.01479585806718,285.0147958580672,"[""low_history"", ""fallback_source""]"
Chris Gotterup,4690755,USA,False,-0.26397627117786937,0.5,0,0.35,field_only_baseline,0.5680000000000001,3.2399999999999998,6.752,13.71,0.00568,0.08871186977788498,0.16637963596992644,0.40406093843267904,mc_baseline,mc_logit_baseline,mc_logit_baseline,cut_logit_baseline,1.0559050847114775,285.05590508471147,"[""low_history"", ""fallback_source""]"
Sudarshan Yellamaraju,5143175,Canada,False,-0.2643852131695918,0.5,0,0.35,field_only_baseline,0.5640000000000001,3.042,6.332,13.336,0.00564,0.08554603464724556,0.16337019349139298,0.40394770135139013,mc_baseline,mc_logit_baseline,mc_logit_baseline,cut_logit_baseline,1.0575408526783672,285.05754085267836,"[""low_history"", ""fallback_source""]"
Aldrich Potgieter,5080439,South Africa,False,-0.2518067034815454,0.5,0,0.35,field_only_baseline,0.562,3.196,6.796,13.624,0.00562,0.08951557953260128,0.16621218209830807,0.4074353505285402,mc_baseline,mc_logit_baseline,mc_logit_baseline,cut_logit_baseline,1.0072268139261815,285.0072268139262,"[""low_history"", ""fallback_source""]"
Mark Hubbard,9143,USA,False,-0.2555249775807664,0.5,0,0.35,field_only_baseline,0.5599999999999999,3.2399999999999998,6.686,13.522,0.0056,0.08854533370629745,0.165236831505298,0.40640339456850655,mc_baseline,mc_logit_baseline,mc_logit_baseline,cut_logit_baseline,1.0220999103230657,285.02209991032305,"[""low_history"", ""fallback_source""]"
Nick Hardy,10048,USA,False,-0.2603419088142323,0.5,0,0.35,field_only_baseline,0.5559999999999999,3.212,6.612,13.54,0.00556,0.08780283782245826,0.16517479373808588,0.40506775031644454,mc_baseline,mc_logit_baseline,mc_logit_baseline,cut_logit_baseline,1.0413676352569292,285.0413676352569,"[""low_history"", ""fallback_source""]"
Austin Cook,9517,USA,False,-0.2640517066998993,0.5,0,0.35,field_only_baseline,0.5479999999999999,3.2,6.672000000000001,13.668,0.00548,0.08810894834253229,0.16604041819754264,0.40404004937512217,mc_baseline,mc_logit_baseline,mc_logit_baseline,cut_logit_baseline,1.0562068267995972,285.0562068267996,"[""low_history"", ""fallback_source""]"
Davis Chatfield,5113338,USA,False,-0.2644340027541467,0.5,0,0.35,field_only_baseline,0.542,3.166,6.5040000000000004,13.444,0.00542,0.08683414576839515,0.1642321127006575,0.40393419207372583,mc_baseline,mc_logit_baseline,mc_logit_baseline,cut_logit_baseline,1.0577360110165868,285.0577360110166,"[""low_history"", ""fallback_source""]"
Matthieu Pavon,10596,France,False,-0.2887501526807053,0.5697660787095107,20,0.55,masters_prediction_fallback,0.54,2.92,6.218,13.036,0.0054,0.08375729279227616,0.15993684196186958,0.4259339085082194,mc_baseline,mc_logit_baseline,mc_logit_baseline,cut_logit_baseline,1.1550006107228212,285.1550006107228,"[""fallback_source""]"
Brian Campbell,9525,USA,False,-0.3835535513938737,0.471573735495272,20,0.55,masters_prediction_fallback,0.488,2.608,5.5440000000000005,11.712,0.00488,0.0752480632690938,0.14543619497745336,0.36021958000426496,mc_baseline,mc_logit_baseline,mc_logit_baseline,cut_logit_baseline,1.5342142055754948,285.5342142055755,"[""fallback_source""]"
J.T. Poston,10505,USA,False,-0.3324771611468162,0.5968854440766795,20,0.55,masters_prediction_fallback,0.48,2.666,5.86,12.464,0.0048,0.07944404411415726,0.15353564168640493,0.42491138995479016,mc_baseline,mc_logit_baseline,mc_logit_baseline,cut_logit_baseline,1.3299086445872648,285.32990864458725,"[""fallback_source""]"
Kevin Yu,4349547,Chinese Taipei,False,-0.5447706297588574,0.4821322508218932,20,0.55,masters_prediction_fallback,0.376,1.96,4.276,9.414,0.00376,0.06048913903678978,0.12082861375961226,0.3225972414825372,mc_baseline,mc_logit_baseline,mc_logit_baseline,cut_logit_baseline,2.1790825190354295,286.17908251903543,"[""fallback_source""]"
Mason Howell,5289811,USA,True,-0.5572316423599216,0.34,0,0.35,field_only_baseline,0.3,1.754,3.882,8.766,0.003,0.05715965950496277,0.11518624714505739,0.26937096195704324,mc_baseline,mc_logit_baseline,mc_logit_baseline,cut_logit_baseline,2.2289265694396865,286.2289265694397,"[""amateur"", ""low_history"", ""fallback_source""]"
Preston Stout,5210226,USA,True,-0.5605935373542815,0.34,0,0.35,field_only_baseline,0.294,1.8659999999999999,4.05,8.984,0.00294,0.058319368586635154,0.11680714522822241,0.26861073706980837,mc_baseline,mc_logit_baseline,mc_logit_baseline,cut_logit_baseline,2.242374149417126,286.2423741494171,"[""amateur"", ""low_history"", ""fallback_source""]"
Patton Kizzire,3980,USA,False,-0.5677405539734683,0.5170974196304721,20,0.55,masters_prediction_fallback,0.29,1.7999999999999998,4.014,8.846,0.0029,0.057837202551100406,0.11544223854566857,0.3298560873985976,mc_baseline,mc_logit_baseline,mc_logit_baseline,cut_logit_baseline,2.2709622158938734,286.27096221589386,"[""fallback_source""]"
Michael Kim,8974,USA,False,-0.6756135497073016,0.4278752456688939,20,0.55,masters_prediction_fallback,0.248,1.51,3.32,7.768,0.00248,0.04959762598088495,0.10301175477534696,0.2719863999541886,mc_baseline,mc_logit_baseline,mc_logit_baseline,cut_logit_baseline,2.7024541988292063,286.70245419882923,"[""fallback_source""]"
Joe Highsmith,4868733,USA,False,-0.9280511662154072,0.4547344290025975,20,0.55,masters_prediction_fallback,0.188,1.024,2.188,5.206,0.00188,0.035136499313780385,0.07456631253137086,0.2263196695129455,mc_baseline,mc_logit_baseline,mc_logit_baseline,cut_logit_baseline,3.7122046648616287,287.71220466486164,"[""fallback_source""]"
Lucas Glover,676,USA,False,-0.8340142827851293,0.4034982332714346,20,0.55,masters_prediction_fallback,0.158,1.0699999999999998,2.562,6.048,0.00158,0.039992601688471394,0.08410829963308514,0.23002510971798704,mc_baseline,mc_logit_baseline,mc_logit_baseline,cut_logit_baseline,3.3360571311405174,287.33605713114054,"[""fallback_source""]"
Tom Hoge,6086,USA,False,-1.059400686270209,0.3836201615701026,20,0.55,masters_prediction_fallback,0.11199999999999999,0.692,1.6039999999999999,4.208,0.00112,0.02820235738316205,0.06296273447039992,0.1822530971137222,mc_baseline,mc_logit_baseline,mc_logit_baseline,cut_logit_baseline,4.237602745080836,288.23760274508084,"[""fallback_source""]"
Nick Dunlap,4832046,USA,False,-1.3595798865904374,0.4013895374193756,20,0.55,masters_prediction_fallback,0.048,0.37,0.9560000000000001,2.5100000000000002,0.00048,0.01867577663606529,0.04233943781916376,0.1398959238091015,mc_baseline,mc_logit_baseline,mc_logit_baseline,cut_logit_baseline,5.4383195463617495,289.43831954636175,"[""fallback_source""]"
Davis Riley,10058,USA,False,-1.5046448101258645,0.3573990063376492,20,0.55,masters_prediction_fallback,0.038,0.28200000000000003,0.676,1.8599999999999999,0.00038,0.01480912745349714,0.0342998839123233,0.11327029821092652,mc_baseline,mc_logit_baseline,mc_logit_baseline,cut_logit_baseline,6.018579240503458,290.01857924050347,"[""fallback_source""]"
Rafael Campos,3683,Puerto Rico,False,-1.6678490387833511,0.2912462041425904,20,0.55,masters_prediction_fallback,0.032,0.19,0.49,1.55,0.00032,0.011737787914114393,0.02901561511946256,0.0864392636968415,mc_baseline,mc_logit_baseline,mc_logit_baseline,cut_logit_baseline,6.6713961551334044,290.6713961551334,"[""fallback_source""]"
Adam Schenk,10372,USA,False,-1.4720204118036584,0.2661122621223732,20,0.55,masters_prediction_fallback,0.032,0.252,0.734,2.02,0.00032,0.015617240793923563,0.03618887511917905,0.10197844279897698,mc_baseline,mc_logit_baseline,mc_logit_baseline,cut_logit_baseline,5.888081647214634,289.8880816472146,"[""fallback_source""]"
