game_id,game_pk,game_date,event_time,player_id,player_name,team,opponent,team_id,opponent_id,opposing_starter_id,venue,lineup_slot,lineup_status,opposing_probable_pitcher,probable_pitcher_known,baseline_probability,heuristic_probability,games_since_last_hr,last_hr_date,batter_pa_lag,batter_games_lag,batter_hr_per_pa,batter_recent_pa_28,batter_recent_hr_per_pa_28,batter_rate_over_league,recent_rate_over_league,pitcher_bf_lag,pitcher_hr_factor,venue_factor,league_hr_per_pa,expected_pa,is_home,hr_probability,model_version,prediction_ts,quality_flags,top_features,confidence,rank,statcast_coverage,statcast_ready_rows,statcast_total_rows,statcast_artifact_loaded
MLB_824632,824632,2026-09-03,2026-09-03T23:15:00+00:00,691718,Pete Crow-Armstrong,CHC,MIL,112,158,701656,Wrigley Field,1.0,projected,Logan Henderson,True,0.13022009526926226,0.3775839956947503,3.0,2026-08-30,196.0,41.0,0.07797859529513156,121.0,0.09007913653384522,2.6940782610963336,2.75,158.0,1.35,1.25,0.02894444323358253,4.75,1.0,0.23784224320252706,mlb-hr-v1,2026-09-04T00:56:25.191972+00:00,[],"[{""feature"": ""batter_hr_per_pa"", ""value"": 0.078}, {""feature"": ""recent_hr_per_pa"", ""value"": 0.0901}, {""feature"": ""pitcher_hr_factor"", ""value"": 1.35}, {""feature"": ""venue_factor"", ""value"": 1.25}, {""feature"": ""expected_pa"", ""value"": 4.75}]",0.72,1,1.0,120,120,True
MLB_823337,823337,2026-09-03,2026-09-03T16:35:00+00:00,646240,Rafael Devers,SF,PIT,137,134,669199,PNC Park,2.0,projected,Lake Bachar,True,0.12753353815992297,0.2516998874948264,0.0,2026-09-02,177.0,41.0,0.061382337326299,110.0,0.07438281232972255,2.120695044328256,2.569847750376506,98.0,1.35,0.75,0.02894444323358253,4.645,0.0,0.2308635908445932,mlb-hr-v1,2026-09-04T00:56:25.191972+00:00,[],"[{""feature"": ""batter_hr_per_pa"", ""value"": 0.0614}, {""feature"": ""recent_hr_per_pa"", ""value"": 0.0744}, {""feature"": ""pitcher_hr_factor"", ""value"": 1.35}, {""feature"": ""venue_factor"", ""value"": 0.75}, {""feature"": ""expected_pa"", ""value"": 4.64}]",0.72,2,1.0,120,120,True
MLB_824632,824632,2026-09-03,2026-09-03T23:15:00+00:00,608324,Alex Bregman,CHC,MIL,112,158,701656,Wrigley Field,3.0,projected,Logan Henderson,True,0.12483868287185773,0.36439903252813566,0.0,2026-09-02,184.0,40.0,0.06855276490034423,115.0,0.1016616539714623,2.3684257578258237,2.75,158.0,1.35,1.25,0.02894444323358253,4.54,1.0,0.22368898277577412,mlb-hr-v1,2026-09-04T00:56:25.191972+00:00,[],"[{""feature"": ""batter_hr_per_pa"", ""value"": 0.0686}, {""feature"": ""recent_hr_per_pa"", ""value"": 0.1017}, {""feature"": ""pitcher_hr_factor"", ""value"": 1.35}, {""feature"": ""venue_factor"", ""value"": 1.25}, {""feature"": ""expected_pa"", ""value"": 4.54}]",0.72,3,1.0,120,120,True
MLB_824796,824796,2026-09-03,2026-09-03T23:15:00+00:00,624413,Pete Alonso,BAL,BOS,110,111,687562,Oriole Park at Camden Yards,2.0,projected,Jake Bennett,True,0.12753353815992297,0.19937607211287067,7.0,2026-08-26,169.0,39.0,0.05888752702536955,113.0,0.07267938914659913,2.0345019785022442,2.5109962751770443,144.0,0.7864912029068655,1.0274779415058002,0.02894444323358253,4.645,1.0,0.22147863464718548,mlb-hr-v1,2026-09-04T00:56:25.191972+00:00,[],"[{""feature"": ""batter_hr_per_pa"", ""value"": 0.0589}, {""feature"": ""recent_hr_per_pa"", ""value"": 0.0727}, {""feature"": ""pitcher_hr_factor"", ""value"": 0.786}, {""feature"": ""venue_factor"", ""value"": 1.027}, {""feature"": ""expected_pa"", ""value"": 4.64}]",0.72,4,1.0,120,120,True
MLB_823095,823095,2026-09-03,2026-09-04T01:40:00+00:00,668227,Randy Arozarena,SEA,ATH,136,133,678022,T-Mobile Park,1.0,projected,Jack Perkins,True,0.13022009526926226,0.36553930189771255,1.0,2026-09-01,180.0,40.0,0.05587467680546692,113.0,0.06504580136033959,1.9304111796021293,2.247263864618781,169.0,1.35,1.25,0.02894444323358253,4.75,1.0,0.21760380173319843,mlb-hr-v1,2026-09-04T00:56:25.191972+00:00,[],"[{""feature"": ""batter_hr_per_pa"", ""value"": 0.0559}, {""feature"": ""recent_hr_per_pa"", ""value"": 0.065}, {""feature"": ""pitcher_hr_factor"", ""value"": 1.35}, {""feature"": ""venue_factor"", ""value"": 1.25}, {""feature"": ""expected_pa"", ""value"": 4.75}]",0.72,5,1.0,120,120,True
MLB_822853,822853,2026-09-03,2026-09-04T00:05:00+00:00,592626,Joc Pederson,TEX,TB,140,139,663556,Globe Life Field,1.0,projected,Shane McClanahan,True,0.13022009526926226,0.2000068344635334,2.0,2026-08-30,106.0,37.0,0.06392237952606658,60.0,0.057961538182108786,2.208450824574895,2.0025100401606424,88.0,0.8578788839568802,0.9354791473586654,0.02894444323358253,4.75,1.0,0.1914050874882947,mlb-hr-v1,2026-09-04T00:56:25.191972+00:00,[],"[{""feature"": ""batter_hr_per_pa"", ""value"": 0.0639}, {""feature"": ""recent_hr_per_pa"", ""value"": 0.058}, {""feature"": ""pitcher_hr_factor"", ""value"": 0.858}, {""feature"": ""venue_factor"", ""value"": 0.935}, {""feature"": ""expected_pa"", ""value"": 4.75}]",0.72,6,1.0,120,120,True
MLB_824069,824069,2026-09-03,2026-09-03T23:40:00+00:00,681715,Heriberto Hernández,MIA,KC,146,118,608379,Kauffman Stadium,2.0,projected,Michael Wacha,True,0.12753353815992297,0.2812722464842229,4.0,2026-08-29,163.0,38.0,0.050570987440279734,104.0,0.053450819493479386,1.7471743032737006,1.8466694647442228,199.0,1.3171785502666402,1.08449605597277,0.02894444323358253,4.645,0.0,0.18785060606465204,mlb-hr-v1,2026-09-04T00:56:25.191972+00:00,[],"[{""feature"": ""batter_hr_per_pa"", ""value"": 0.0506}, {""feature"": ""recent_hr_per_pa"", ""value"": 0.0535}, {""feature"": ""pitcher_hr_factor"", ""value"": 1.317}, {""feature"": ""venue_factor"", ""value"": 1.084}, {""feature"": ""expected_pa"", ""value"": 4.64}]",0.72,7,1.0,120,120,True
MLB_824632,824632,2026-09-03,2026-09-03T23:15:00+00:00,694192,Jackson Chourio,MIL,CHC,158,112,592332,Wrigley Field,2.0,projected,Kevin Gausman,True,0.12753353815992297,0.21892180644864268,0.0,2026-09-02,179.0,40.0,0.042117081837268165,113.0,0.05741221357408004,1.4551007769395337,1.9835314540605167,186.0,0.9426178740937776,1.25,0.02894444323358253,4.645,0.0,0.17483823234983134,mlb-hr-v1,2026-09-04T00:56:25.191972+00:00,[],"[{""feature"": ""batter_hr_per_pa"", ""value"": 0.0421}, {""feature"": ""recent_hr_per_pa"", ""value"": 0.0574}, {""feature"": ""pitcher_hr_factor"", ""value"": 0.943}, {""feature"": ""venue_factor"", ""value"": 1.25}, {""feature"": ""expected_pa"", ""value"": 4.64}]",0.72,8,1.0,120,120,True
MLB_824069,824069,2026-09-03,2026-09-03T23:40:00+00:00,695600,Carter Jensen,KC,MIA,118,146,645261,Kauffman Stadium,1.0,projected,Sandy Alcantara,True,0.13022009526926226,0.15984658284374442,0.0,2026-09-02,161.0,38.0,0.04598497710803769,97.0,0.056704347636560744,1.5887324809441847,1.9590754321634363,216.0,0.72,1.08449605597277,0.02894444323358253,4.75,1.0,0.1742005167159479,mlb-hr-v1,2026-09-04T00:56:25.191972+00:00,[],"[{""feature"": ""batter_hr_per_pa"", ""value"": 0.046}, {""feature"": ""recent_hr_per_pa"", ""value"": 0.0567}, {""feature"": ""pitcher_hr_factor"", ""value"": 0.72}, {""feature"": ""venue_factor"", ""value"": 1.084}, {""feature"": ""expected_pa"", ""value"": 4.75}]",0.72,9,1.0,120,120,True
MLB_824144,824144,2026-09-03,2026-09-03T18:10:00+00:00,665161,Jeremy Peña,HOU,CWS,117,145,622491,Daikin Park,1.0,projected,Luis Castillo,True,0.13022009526926226,0.28958043364050523,3.0,2026-08-30,165.0,37.0,0.06006527756587694,93.0,0.04072972953337374,2.0751920180722894,1.407169217410181,156.0,1.35,1.017418829453151,0.02894444323358253,4.75,1.0,0.1726746266650234,mlb-hr-v1,2026-09-04T00:56:25.191972+00:00,[],"[{""feature"": ""batter_hr_per_pa"", ""value"": 0.0601}, {""feature"": ""recent_hr_per_pa"", ""value"": 0.0407}, {""feature"": ""pitcher_hr_factor"", ""value"": 1.35}, {""feature"": ""venue_factor"", ""value"": 1.017}, {""feature"": ""expected_pa"", ""value"": 4.75}]",0.72,10,1.0,120,120,True
MLB_823907,823907,2026-09-03,2026-09-04T02:10:00+00:00,571970,Max Muncy,LAD,STL,119,138,687273,UNIQLO Field at Dodger Stadium,3.0,projected,Quinn Mathews,True,0.12483868287185773,0.15950831338523697,9.0,2026-08-21,132.0,36.0,0.053970392294463404,82.0,0.04520999978204485,1.8646201572758099,1.561957831325301,89.0,0.72,1.0859683250546044,0.02894444323358253,4.54,1.0,0.17010601893293523,mlb-hr-v1,2026-09-04T00:56:25.191972+00:00,[],"[{""feature"": ""batter_hr_per_pa"", ""value"": 0.054}, {""feature"": ""recent_hr_per_pa"", ""value"": 0.0452}, {""feature"": ""pitcher_hr_factor"", ""value"": 0.72}, {""feature"": ""venue_factor"", ""value"": 1.086}, {""feature"": ""expected_pa"", ""value"": 4.54}]",0.72,11,1.0,120,120,True
MLB_823337,823337,2026-09-03,2026-09-03T16:35:00+00:00,664040,Brandon Lowe,PIT,SF,134,137,694918,PNC Park,2.0,projected,Blade Tidwell,True,0.12753353815992297,0.17898456592672907,1.0,2026-09-01,161.0,37.0,0.04598497710803769,98.0,0.056215517053486944,1.5887324809441847,1.9421868508516826,107.0,1.2052354153455929,0.75,0.02894444323358253,4.645,1.0,0.16819936358777718,mlb-hr-v1,2026-09-04T00:56:25.191972+00:00,[],"[{""feature"": ""batter_hr_per_pa"", ""value"": 0.046}, {""feature"": ""recent_hr_per_pa"", ""value"": 0.0562}, {""feature"": ""pitcher_hr_factor"", ""value"": 1.205}, {""feature"": ""venue_factor"", ""value"": 0.75}, {""feature"": ""expected_pa"", ""value"": 4.64}]",0.72,12,1.0,120,120,True
MLB_824632,824632,2026-09-03,2026-09-03T23:15:00+00:00,673548,Seiya Suzuki,CHC,MIL,112,158,701656,Wrigley Field,2.0,projected,Logan Henderson,True,0.12753353815992297,0.2896462151554783,2.0,2026-08-31,186.0,39.0,0.045307943498531164,113.0,0.042145038001560955,1.5653416834759852,1.4560666329439895,158.0,1.35,1.25,0.02894444323358253,4.645,1.0,0.15250673397260475,mlb-hr-v1,2026-09-04T00:56:25.191972+00:00,[],"[{""feature"": ""batter_hr_per_pa"", ""value"": 0.0453}, {""feature"": ""recent_hr_per_pa"", ""value"": 0.0421}, {""feature"": ""pitcher_hr_factor"", ""value"": 1.35}, {""feature"": ""venue_factor"", ""value"": 1.25}, {""feature"": ""expected_pa"", ""value"": 4.64}]",0.72,13,1.0,120,120,True
MLB_823095,823095,2026-09-03,2026-09-04T01:40:00+00:00,671732,Lawrence Butler,ATH,SEA,133,136,807739,T-Mobile Park,4.0,projected,Kade Anderson,True,0.12213550377383398,0.2609287868517728,6.0,2026-08-26,161.0,41.0,0.040882936291711164,109.0,0.04347244077326366,1.4124623493975903,1.5019269993359263,41.0,1.326719669375175,1.25,0.02894444323358253,4.435,0.0,0.15162709488708576,mlb-hr-v1,2026-09-04T00:56:25.191972+00:00,"[""low_pitcher_history""]","[{""feature"": ""batter_hr_per_pa"", ""value"": 0.0409}, {""feature"": ""recent_hr_per_pa"", ""value"": 0.0435}, {""feature"": ""pitcher_hr_factor"", ""value"": 1.327}, {""feature"": ""venue_factor"", ""value"": 1.25}, {""feature"": ""expected_pa"", ""value"": 4.43}]",0.64,14,1.0,120,120,True
MLB_822853,822853,2026-09-03,2026-09-04T00:05:00+00:00,650490,Yandy Díaz,TB,TEX,139,140,615698,Globe Life Field,1.0,projected,Cal Quantrill,True,0.13022009526926226,0.13080723730289912,1.0,2026-09-01,184.0,40.0,0.04115550462637164,116.0,0.04866417894182452,1.4218792980139738,1.681296079841755,152.0,0.75455247385481,0.9354791473586654,0.02894444323358253,4.75,0.0,0.1476401830003413,mlb-hr-v1,2026-09-04T00:56:25.191972+00:00,[],"[{""feature"": ""batter_hr_per_pa"", ""value"": 0.0412}, {""feature"": ""recent_hr_per_pa"", ""value"": 0.0487}, {""feature"": ""pitcher_hr_factor"", ""value"": 0.755}, {""feature"": ""venue_factor"", ""value"": 0.935}, {""feature"": ""expected_pa"", ""value"": 4.75}]",0.72,15,1.0,120,120,True
MLB_824069,824069,2026-09-03,2026-09-03T23:40:00+00:00,695506,Jac Caglianone,KC,MIA,118,146,645261,Kauffman Stadium,3.0,projected,Sandy Alcantara,True,0.12483868287185773,0.14826265883774048,5.0,2026-08-27,140.0,35.0,0.0457888886467165,91.0,0.05065137594683014,1.581957831325301,1.7499516414280976,216.0,0.72,1.08449605597277,0.02894444323358253,4.54,1.0,0.14420924474800564,mlb-hr-v1,2026-09-04T00:56:25.191972+00:00,[],"[{""feature"": ""batter_hr_per_pa"", ""value"": 0.0458}, {""feature"": ""recent_hr_per_pa"", ""value"": 0.0507}, {""feature"": ""pitcher_hr_factor"", ""value"": 0.72}, {""feature"": ""venue_factor"", ""value"": 1.084}, {""feature"": ""expected_pa"", ""value"": 4.54}]",0.72,16,1.0,120,120,True
MLB_824144,824144,2026-09-03,2026-09-03T18:10:00+00:00,808959,Munetaka Murakami,CWS,HOU,145,117,686613,Daikin Park,2.0,projected,Hunter Brown,True,0.12753353815992297,0.1914978399217374,14.0,2026-08-18,184.0,41.0,0.04572171467203374,117.0,0.04089629613484804,1.5796370413159488,1.4129239178937973,163.0,1.0468496582483782,1.017418829453151,0.02894444323358253,4.645,0.0,0.14271954861010758,mlb-hr-v1,2026-09-04T00:56:25.191972+00:00,[],"[{""feature"": ""batter_hr_per_pa"", ""value"": 0.0457}, {""feature"": ""recent_hr_per_pa"", ""value"": 0.0409}, {""feature"": ""pitcher_hr_factor"", ""value"": 1.047}, {""feature"": ""venue_factor"", ""value"": 1.017}, {""feature"": ""expected_pa"", ""value"": 4.64}]",0.72,17,1.0,120,120,True
MLB_823095,823095,2026-09-03,2026-09-04T01:40:00+00:00,680869,Zack Gelof,ATH,SEA,133,136,807739,T-Mobile Park,3.0,projected,Kade Anderson,True,0.12483868287185773,0.25116000859487153,0.0,2026-09-02,96.0,22.0,0.038267599337216705,96.0,0.039657894545653376,1.3221052147521384,1.3701384485309658,41.0,1.326719669375175,1.25,0.02894444323358253,4.54,0.0,0.14238751658377907,mlb-hr-v1,2026-09-04T00:56:25.191972+00:00,"[""low_pitcher_history""]","[{""feature"": ""batter_hr_per_pa"", ""value"": 0.0383}, {""feature"": ""recent_hr_per_pa"", ""value"": 0.0397}, {""feature"": ""pitcher_hr_factor"", ""value"": 1.327}, {""feature"": ""venue_factor"", ""value"": 1.25}, {""feature"": ""expected_pa"", ""value"": 4.54}]",0.64,18,1.0,120,120,True
MLB_822853,822853,2026-09-03,2026-09-04T00:05:00+00:00,691406,Junior Caminero,TB,TEX,139,140,615698,Globe Life Field,3.0,projected,Cal Quantrill,True,0.12483868287185773,0.11816265028655493,3.0,2026-08-30,178.0,41.0,0.042314814615846894,108.0,0.035880952207972105,1.4619322359861984,1.2396490724803977,152.0,0.75455247385481,0.9354791473586654,0.02894444323358253,4.54,0.0,0.13759074695266946,mlb-hr-v1,2026-09-04T00:56:25.191972+00:00,[],"[{""feature"": ""batter_hr_per_pa"", ""value"": 0.0423}, {""feature"": ""recent_hr_per_pa"", ""value"": 0.0359}, {""feature"": ""pitcher_hr_factor"", ""value"": 0.755}, {""feature"": ""venue_factor"", ""value"": 0.935}, {""feature"": ""expected_pa"", ""value"": 4.54}]",0.72,19,1.0,120,120,True
MLB_823907,823907,2026-09-03,2026-09-04T02:10:00+00:00,695491,Joshua Báez,STL,LAD,138,119,669373,UNIQLO Field at Dodger Stadium,5.0,projected,Tarik Skubal,True,0.11942397515544967,0.20518217248836712,1.0,2026-09-01,65.0,18.0,0.07013055513175388,65.0,0.0785662647976444,2.422936746987952,2.7143816228770503,174.0,0.72,1.0859683250546044,0.02894444323358253,4.33,0.0,0.1369390060918164,mlb-hr-v1,2026-09-04T00:56:25.191972+00:00,[],"[{""feature"": ""batter_hr_per_pa"", ""value"": 0.0701}, {""feature"": ""recent_hr_per_pa"", ""value"": 0.0786}, {""feature"": ""pitcher_hr_factor"", ""value"": 0.72}, {""feature"": ""venue_factor"", ""value"": 1.086}, {""feature"": ""expected_pa"", ""value"": 4.33}]",0.72,20,1.0,120,120,True
MLB_824144,824144,2026-09-03,2026-09-03T18:10:00+00:00,678246,Miguel Vargas,CWS,HOU,145,117,686613,Daikin Park,3.0,projected,Hunter Brown,True,0.12483868287185773,0.17706363368644706,11.0,2026-08-21,183.0,40.0,0.04134429134484123,116.0,0.04120149237466034,1.4284016801149553,1.4234681262362883,163.0,1.0468496582483782,1.017418829453151,0.02894444323358253,4.54,0.0,0.1362159503491153,mlb-hr-v1,2026-09-04T00:56:25.191972+00:00,[],"[{""feature"": ""batter_hr_per_pa"", ""value"": 0.0413}, {""feature"": ""recent_hr_per_pa"", ""value"": 0.0412}, {""feature"": ""pitcher_hr_factor"", ""value"": 1.047}, {""feature"": ""venue_factor"", ""value"": 1.017}, {""feature"": ""expected_pa"", ""value"": 4.54}]",0.72,21,1.0,120,120,True
MLB_823907,823907,2026-09-03,2026-09-04T02:10:00+00:00,691023,Jordan Walker,STL,LAD,138,119,669373,UNIQLO Field at Dodger Stadium,4.0,projected,Tarik Skubal,True,0.12213550377383398,0.1243063690264804,1.0,2026-09-01,172.0,40.0,0.033879495232731344,107.0,0.05216799982563588,1.1705008439555322,1.8023493975903613,174.0,0.72,1.0859683250546044,0.02894444323358253,4.435,0.0,0.1355197793462352,mlb-hr-v1,2026-09-04T00:56:25.191972+00:00,[],"[{""feature"": ""batter_hr_per_pa"", ""value"": 0.0339}, {""feature"": ""recent_hr_per_pa"", ""value"": 0.0522}, {""feature"": ""pitcher_hr_factor"", ""value"": 0.72}, {""feature"": ""venue_factor"", ""value"": 1.086}, {""feature"": ""expected_pa"", ""value"": 4.43}]",0.72,22,1.0,120,120,True
MLB_824388,824388,2026-09-03,2026-09-03T17:10:00+00:00,672386,Alejandro Kirk,TOR,CLE,141,114,676440,Progressive Field,2.0,projected,Tanner Bibee,True,0.12753353815992297,0.17256600542257394,2.0,2026-08-30,140.0,34.0,0.040074602932430786,94.0,0.04036607123396862,1.384535283993115,1.3946052065404475,207.0,1.0011653757888697,1.0373151613808174,0.02894444323358253,4.645,0.0,0.1335358859833504,mlb-hr-v1,2026-09-04T00:56:25.191972+00:00,[],"[{""feature"": ""batter_hr_per_pa"", ""value"": 0.0401}, {""feature"": ""recent_hr_per_pa"", ""value"": 0.0404}, {""feature"": ""pitcher_hr_factor"", ""value"": 1.001}, {""feature"": ""venue_factor"", ""value"": 1.037}, {""feature"": ""expected_pa"", ""value"": 4.64}]",0.72,23,1.0,120,120,True
MLB_823907,823907,2026-09-03,2026-09-04T02:10:00+00:00,660271,Shohei Ohtani,LAD,STL,119,138,687273,UNIQLO Field at Dodger Stadium,1.0,projected,Quinn Mathews,True,0.13022009526926226,0.13758800632272383,12.0,2026-08-18,173.0,38.0,0.04333199765949706,109.0,0.03559842502523217,1.4970748378127896,1.2298880561616543,89.0,0.72,1.0859683250546044,0.02894444323358253,4.75,1.0,0.13290158654426273,mlb-hr-v1,2026-09-04T00:56:25.191972+00:00,[],"[{""feature"": ""batter_hr_per_pa"", ""value"": 0.0433}, {""feature"": ""recent_hr_per_pa"", ""value"": 0.0356}, {""feature"": ""pitcher_hr_factor"", ""value"": 0.72}, {""feature"": ""venue_factor"", ""value"": 1.086}, {""feature"": ""expected_pa"", ""value"": 4.75}]",0.72,24,1.0,120,120,True
MLB_824796,824796,2026-09-03,2026-09-03T23:15:00+00:00,687952,Christian Encarnacion-Strand,BAL,BOS,110,111,687562,Oriole Park at Camden Yards,4.0,projected,Jake Bennett,True,0.12213550377383398,0.138549265871048,8.0,2026-08-25,128.0,36.0,0.043024880448928764,87.0,0.043057142649566525,1.4864642619557986,1.4875788869764772,144.0,0.7864912029068655,1.0274779415058002,0.02894444323358253,4.435,1.0,0.12929040680586243,mlb-hr-v1,2026-09-04T00:56:25.191972+00:00,[],"[{""feature"": ""batter_hr_per_pa"", ""value"": 0.043}, {""feature"": ""recent_hr_per_pa"", ""value"": 0.0431}, {""feature"": ""pitcher_hr_factor"", ""value"": 0.786}, {""feature"": ""venue_factor"", ""value"": 1.027}, {""feature"": ""expected_pa"", ""value"": 4.43}]",0.72,25,1.0,120,120,True
MLB_824796,824796,2026-09-03,2026-09-03T23:15:00+00:00,677800,Wilyer Abreu,BOS,BAL,111,110,687064,Oriole Park at Camden Yards,3.0,projected,Brandon Young,True,0.12483868287185773,0.20881742437134654,4.0,2026-08-29,178.0,40.0,0.042314814615846894,117.0,0.026081481320033226,1.4619322359861984,0.9010876840696118,166.0,1.35,1.0274779415058002,0.02894444323358253,4.54,0.0,0.12928949343316096,mlb-hr-v1,2026-09-04T00:56:25.191972+00:00,[],"[{""feature"": ""batter_hr_per_pa"", ""value"": 0.0423}, {""feature"": ""recent_hr_per_pa"", ""value"": 0.0261}, {""feature"": ""pitcher_hr_factor"", ""value"": 1.35}, {""feature"": ""venue_factor"", ""value"": 1.027}, {""feature"": ""expected_pa"", ""value"": 4.54}]",0.72,26,1.0,120,120,True
MLB_824632,824632,2026-09-03,2026-09-03T23:15:00+00:00,641343,Jake Bauers,MIL,CHC,158,112,592332,Wrigley Field,4.0,projected,Kevin Gausman,True,0.12213550377383398,0.15600816266650241,8.0,2026-08-22,145.0,35.0,0.03340586396208549,100.0,0.02983898286613971,1.1541373828647925,1.0309054012660812,186.0,0.9426178740937776,1.25,0.02894444323358253,4.435,0.0,0.12860792907733282,mlb-hr-v1,2026-09-04T00:56:25.191972+00:00,[],"[{""feature"": ""batter_hr_per_pa"", ""value"": 0.0334}, {""feature"": ""recent_hr_per_pa"", ""value"": 0.0298}, {""feature"": ""pitcher_hr_factor"", ""value"": 0.943}, {""feature"": ""venue_factor"", ""value"": 1.25}, {""feature"": ""expected_pa"", ""value"": 4.43}]",0.72,27,1.0,120,120,True
MLB_824632,824632,2026-09-03,2026-09-03T23:15:00+00:00,664023,Ian Happ,CHC,MIL,112,158,701656,Wrigley Field,5.0,projected,Logan Henderson,True,0.11942397515544967,0.256182420442435,6.0,2026-08-25,155.0,40.0,0.03691081849039678,91.0,0.05065137594683014,1.275229866835764,1.7499516414280976,158.0,1.35,1.25,0.02894444323358253,4.33,1.0,0.12745355266258995,mlb-hr-v1,2026-09-04T00:56:25.191972+00:00,[],"[{""feature"": ""batter_hr_per_pa"", ""value"": 0.0369}, {""feature"": ""recent_hr_per_pa"", ""value"": 0.0507}, {""feature"": ""pitcher_hr_factor"", ""value"": 1.35}, {""feature"": ""venue_factor"", ""value"": 1.25}, {""feature"": ""expected_pa"", ""value"": 4.33}]",0.72,28,1.0,120,120,True
MLB_823095,823095,2026-09-03,2026-09-04T01:40:00+00:00,677594,Julio Rodríguez,SEA,ATH,136,133,678022,T-Mobile Park,2.0,projected,Jack Perkins,True,0.12753353815992297,0.22341454026415541,8.0,2026-08-24,173.0,40.0,0.03371661304411244,111.0,0.02729457347445338,1.1648734360518997,0.9429987391426171,169.0,1.35,1.25,0.02894444323358253,4.645,1.0,0.12698719069912145,mlb-hr-v1,2026-09-04T00:56:25.191972+00:00,[],"[{""feature"": ""batter_hr_per_pa"", ""value"": 0.0337}, {""feature"": ""recent_hr_per_pa"", ""value"": 0.0273}, {""feature"": ""pitcher_hr_factor"", ""value"": 1.35}, {""feature"": ""venue_factor"", ""value"": 1.25}, {""feature"": ""expected_pa"", ""value"": 4.64}]",0.72,29,1.0,120,120,True
MLB_824388,824388,2026-09-03,2026-09-03T17:10:00+00:00,666176,Jo Adell,CLE,TOR,114,141,667755,Progressive Field,4.0,projected,José Soriano,True,0.12213550377383398,0.12711626816781663,9.0,2026-08-22,150.0,37.0,0.043313813584731825,94.0,0.04036607123396862,1.496446597199609,1.3946052065404475,164.0,0.72,1.0373151613808174,0.02894444323358253,4.435,1.0,0.1269023516422952,mlb-hr-v1,2026-09-04T00:56:25.191972+00:00,[],"[{""feature"": ""batter_hr_per_pa"", ""value"": 0.0433}, {""feature"": ""recent_hr_per_pa"", ""value"": 0.0404}, {""feature"": ""pitcher_hr_factor"", ""value"": 0.72}, {""feature"": ""venue_factor"", ""value"": 1.037}, {""feature"": ""expected_pa"", ""value"": 4.43}]",0.72,30,1.0,120,120,True
MLB_823095,823095,2026-09-03,2026-09-04T01:40:00+00:00,686527,Dominic Canzone,SEA,ATH,136,133,678022,T-Mobile Park,3.0,projected,Jack Perkins,True,0.12483868287185773,0.2213163932688843,1.0,2026-09-01,172.0,39.0,0.033879495232731344,106.0,0.028395161114552304,1.1705008439555322,0.9810228818499807,169.0,1.35,1.25,0.02894444323358253,4.54,1.0,0.12607414957074492,mlb-hr-v1,2026-09-04T00:56:25.191972+00:00,[],"[{""feature"": ""batter_hr_per_pa"", ""value"": 0.0339}, {""feature"": ""recent_hr_per_pa"", ""value"": 0.0284}, {""feature"": ""pitcher_hr_factor"", ""value"": 1.35}, {""feature"": ""venue_factor"", ""value"": 1.25}, {""feature"": ""expected_pa"", ""value"": 4.54}]",0.72,31,1.0,120,120,True
MLB_824388,824388,2026-09-03,2026-09-03T17:10:00+00:00,672960,Kazuma Okamoto,TOR,CLE,141,114,676440,Progressive Field,4.0,projected,Tanner Bibee,True,0.12213550377383398,0.15818884078480544,2.0,2026-08-30,155.0,39.0,0.03691081849039678,93.0,0.04072972953337374,1.275229866835764,1.407169217410181,207.0,1.0011653757888697,1.0373151613808174,0.02894444323358253,4.435,0.0,0.1257814008398054,mlb-hr-v1,2026-09-04T00:56:25.191972+00:00,[],"[{""feature"": ""batter_hr_per_pa"", ""value"": 0.0369}, {""feature"": ""recent_hr_per_pa"", ""value"": 0.0407}, {""feature"": ""pitcher_hr_factor"", ""value"": 1.001}, {""feature"": ""venue_factor"", ""value"": 1.037}, {""feature"": ""expected_pa"", ""value"": 4.43}]",0.72,32,1.0,120,120,True
MLB_824069,824069,2026-09-03,2026-09-03T23:40:00+00:00,665052,Griffin Conine,MIA,KC,146,118,608379,Kauffman Stadium,4.0,projected,Michael Wacha,True,0.12213550377383398,0.24373950618854512,12.0,2026-08-18,139.0,39.0,0.046052043179168896,87.0,0.043057142649566525,1.5910495429995843,1.4875788869764772,199.0,1.3171785502666402,1.08449605597277,0.02894444323358253,4.435,0.0,0.1252782004451913,mlb-hr-v1,2026-09-04T00:56:25.191972+00:00,[],"[{""feature"": ""batter_hr_per_pa"", ""value"": 0.0461}, {""feature"": ""recent_hr_per_pa"", ""value"": 0.0431}, {""feature"": ""pitcher_hr_factor"", ""value"": 1.317}, {""feature"": ""venue_factor"", ""value"": 1.084}, {""feature"": ""expected_pa"", ""value"": 4.43}]",0.72,33,1.0,120,120,True
MLB_823337,823337,2026-09-03,2026-09-03T16:35:00+00:00,687551,Drew Gilbert,SF,PIT,137,134,669199,PNC Park,1.0,projected,Lake Bachar,True,0.13022009526926226,0.1576663758849406,5.0,2026-08-27,121.0,37.0,0.03213497123830377,81.0,0.04566666644650995,1.1102293790546802,1.5777351831568698,98.0,1.35,0.75,0.02894444323358253,4.75,0.0,0.12298612066847799,mlb-hr-v1,2026-09-04T00:56:25.191972+00:00,[],"[{""feature"": ""batter_hr_per_pa"", ""value"": 0.0321}, {""feature"": ""recent_hr_per_pa"", ""value"": 0.0457}, {""feature"": ""pitcher_hr_factor"", ""value"": 1.35}, {""feature"": ""venue_factor"", ""value"": 0.75}, {""feature"": ""expected_pa"", ""value"": 4.75}]",0.72,34,1.0,120,120,True
MLB_824796,824796,2026-09-03,2026-09-03T23:15:00+00:00,678882,Ceddanne Rafaela,BOS,BAL,111,110,687064,Oriole Park at Camden Yards,2.0,projected,Brandon Young,True,0.12753353815992297,0.17894012083177657,20.0,2026-08-11,180.0,40.0,0.03727002564267622,120.0,0.011021738972496272,1.28764009526478,0.45,166.0,1.35,1.0274779415058002,0.02894444323358253,4.645,0.0,0.12260853000261294,mlb-hr-v1,2026-09-04T00:56:25.191972+00:00,[],"[{""feature"": ""batter_hr_per_pa"", ""value"": 0.0373}, {""feature"": ""recent_hr_per_pa"", ""value"": 0.011}, {""feature"": ""pitcher_hr_factor"", ""value"": 1.35}, {""feature"": ""venue_factor"", ""value"": 1.027}, {""feature"": ""expected_pa"", ""value"": 4.64}]",0.72,35,1.0,120,120,True
MLB_824632,824632,2026-09-03,2026-09-03T23:15:00+00:00,683737,Michael Busch,CHC,MIL,112,158,701656,Wrigley Field,4.0,projected,Logan Henderson,True,0.12213550377383398,0.1924124149872689,5.0,2026-08-28,183.0,40.0,0.027582823454932973,108.0,0.027944444271464173,0.9529574720901955,0.9654510900745842,158.0,1.35,1.25,0.02894444323358253,4.435,1.0,0.11975357171861699,mlb-hr-v1,2026-09-04T00:56:25.191972+00:00,[],"[{""feature"": ""batter_hr_per_pa"", ""value"": 0.0276}, {""feature"": ""recent_hr_per_pa"", ""value"": 0.0279}, {""feature"": ""pitcher_hr_factor"", ""value"": 1.35}, {""feature"": ""venue_factor"", ""value"": 1.25}, {""feature"": ""expected_pa"", ""value"": 4.43}]",0.72,36,1.0,120,120,True
MLB_824796,824796,2026-09-03,2026-09-03T23:15:00+00:00,691723,Coby Mayo,BAL,BOS,110,111,687562,Oriole Park at Camden Yards,5.0,projected,Jake Bennett,True,0.11942397515544967,0.14688850091392602,2.0,2026-08-30,111.0,33.0,0.04803462680257115,81.0,0.04566666644650995,1.6595457171150354,1.5777351831568698,144.0,0.7864912029068655,1.0274779415058002,0.02894444323358253,4.33,1.0,0.11963439817858085,mlb-hr-v1,2026-09-04T00:56:25.191972+00:00,[],"[{""feature"": ""batter_hr_per_pa"", ""value"": 0.048}, {""feature"": ""recent_hr_per_pa"", ""value"": 0.0457}, {""feature"": ""pitcher_hr_factor"", ""value"": 0.786}, {""feature"": ""venue_factor"", ""value"": 1.027}, {""feature"": ""expected_pa"", ""value"": 4.33}]",0.72,37,1.0,120,120,True
MLB_823095,823095,2026-09-03,2026-09-04T01:40:00+00:00,703607,Henry Bolte,ATH,SEA,133,136,807739,T-Mobile Park,1.0,projected,Kade Anderson,True,0.13022009526926226,0.21819788326449785,0.0,2026-09-02,167.0,41.0,0.029767601550373207,119.0,0.03299999984090865,1.0284392520577357,1.140115205346935,41.0,1.326719669375175,1.25,0.02894444323358253,4.75,0.0,0.1185143450124989,mlb-hr-v1,2026-09-04T00:56:25.191972+00:00,"[""low_pitcher_history""]","[{""feature"": ""batter_hr_per_pa"", ""value"": 0.0298}, {""feature"": ""recent_hr_per_pa"", ""value"": 0.033}, {""feature"": ""pitcher_hr_factor"", ""value"": 1.327}, {""feature"": ""venue_factor"", ""value"": 1.25}, {""feature"": ""expected_pa"", ""value"": 4.75}]",0.64,38,1.0,120,120,True
MLB_823337,823337,2026-09-03,2026-09-03T16:35:00+00:00,805811,Bryce Eldridge,SF,PIT,137,134,669199,PNC Park,3.0,projected,Lake Bachar,True,0.12483868287185773,0.1420221270389299,5.0,2026-08-28,159.0,37.0,0.03099513151121334,97.0,0.03931304328873465,1.0708491181219724,1.3582242011524357,98.0,1.35,0.75,0.02894444323358253,4.54,0.0,0.1179575028284811,mlb-hr-v1,2026-09-04T00:56:25.191972+00:00,[],"[{""feature"": ""batter_hr_per_pa"", ""value"": 0.031}, {""feature"": ""recent_hr_per_pa"", ""value"": 0.0393}, {""feature"": ""pitcher_hr_factor"", ""value"": 1.35}, {""feature"": ""venue_factor"", ""value"": 0.75}, {""feature"": ""expected_pa"", ""value"": 4.54}]",0.72,39,1.0,120,120,True
MLB_823337,823337,2026-09-03,2026-09-03T16:35:00+00:00,813841,Jonah Cox,SF,PIT,137,134,669199,PNC Park,5.0,projected,Lake Bachar,True,0.11942397515544967,0.19124461645681756,2.0,2026-08-31,47.0,16.0,0.04893970138018766,47.0,0.054169230433915166,1.6908150896267997,1.8714898053753477,98.0,1.35,0.75,0.02894444323358253,4.33,0.0,0.1179322295465894,mlb-hr-v1,2026-09-04T00:56:25.191972+00:00,"[""low_batter_history""]","[{""feature"": ""batter_hr_per_pa"", ""value"": 0.0489}, {""feature"": ""recent_hr_per_pa"", ""value"": 0.0542}, {""feature"": ""pitcher_hr_factor"", ""value"": 1.35}, {""feature"": ""venue_factor"", ""value"": 0.75}, {""feature"": ""expected_pa"", ""value"": 4.33}]",0.64,40,1.0,120,120,True
MLB_823095,823095,2026-09-03,2026-09-04T01:40:00+00:00,663728,Cal Raleigh,SEA,ATH,136,133,678022,T-Mobile Park,7.0,projected,Jack Perkins,True,0.11397576611867899,0.33718527767847295,1.0,2026-08-31,145.0,37.0,0.06673919729541883,88.0,0.08038679224721214,2.30576890896921,2.75,169.0,1.35,1.25,0.02894444323358253,4.12,1.0,0.11650706591315922,mlb-hr-v1,2026-09-04T00:56:25.191972+00:00,[],"[{""feature"": ""batter_hr_per_pa"", ""value"": 0.0667}, {""feature"": ""recent_hr_per_pa"", ""value"": 0.0804}, {""feature"": ""pitcher_hr_factor"", ""value"": 1.35}, {""feature"": ""venue_factor"", ""value"": 1.25}, {""feature"": ""expected_pa"", ""value"": 4.12}]",0.72,41,1.0,120,120,True
MLB_824388,824388,2026-09-03,2026-09-03T17:10:00+00:00,664770,Nathan Lukes,TOR,CLE,141,114,676440,Progressive Field,5.0,projected,Tanner Bibee,True,0.11942397515544967,0.15580321495234895,4.0,2026-08-28,146.0,40.0,0.033221301177764576,91.0,0.05065137594683014,1.1477609332357053,1.7499516414280976,207.0,1.0011653757888697,1.0373151613808174,0.02894444323358253,4.33,0.0,0.1154830301445177,mlb-hr-v1,2026-09-04T00:56:25.191972+00:00,[],"[{""feature"": ""batter_hr_per_pa"", ""value"": 0.0332}, {""feature"": ""recent_hr_per_pa"", ""value"": 0.0507}, {""feature"": ""pitcher_hr_factor"", ""value"": 1.001}, {""feature"": ""venue_factor"", ""value"": 1.037}, {""feature"": ""expected_pa"", ""value"": 4.33}]",0.72,42,1.0,120,120,True
MLB_823907,823907,2026-09-03,2026-09-04T02:10:00+00:00,605141,Mookie Betts,LAD,STL,119,138,687273,UNIQLO Field at Dodger Stadium,4.0,projected,Quinn Mathews,True,0.12213550377383398,0.11568231420308384,0.0,2026-09-02,162.0,39.0,0.03559926656434207,104.0,0.03705737687052857,1.2299171304507368,1.2802933043650009,89.0,0.72,1.0859683250546044,0.02894444323358253,4.435,1.0,0.1147609546871879,mlb-hr-v1,2026-09-04T00:56:25.191972+00:00,[],"[{""feature"": ""batter_hr_per_pa"", ""value"": 0.0356}, {""feature"": ""recent_hr_per_pa"", ""value"": 0.0371}, {""feature"": ""pitcher_hr_factor"", ""value"": 0.72}, {""feature"": ""venue_factor"", ""value"": 1.086}, {""feature"": ""expected_pa"", ""value"": 4.43}]",0.72,43,1.0,120,120,True
MLB_824796,824796,2026-09-03,2026-09-03T23:15:00+00:00,575929,Willson Contreras,BOS,BAL,111,110,687064,Oriole Park at Camden Yards,4.0,projected,Brandon Young,True,0.12213550377383398,0.17293043447479373,8.0,2026-08-21,137.0,33.0,0.029145671588229,87.0,0.03353333312575701,1.00695222751471,1.158541308089501,166.0,1.35,1.0274779415058002,0.02894444323358253,4.435,0.0,0.11238468629242875,mlb-hr-v1,2026-09-04T00:56:25.191972+00:00,[],"[{""feature"": ""batter_hr_per_pa"", ""value"": 0.0291}, {""feature"": ""recent_hr_per_pa"", ""value"": 0.0335}, {""feature"": ""pitcher_hr_factor"", ""value"": 1.35}, {""feature"": ""venue_factor"", ""value"": 1.027}, {""feature"": ""expected_pa"", ""value"": 4.43}]",0.72,44,1.0,120,120,True
MLB_824144,824144,2026-09-03,2026-09-03T18:10:00+00:00,670541,Yordan Alvarez,HOU,CWS,117,145,622491,Daikin Park,2.0,projected,Luis Castillo,True,0.12753353815992297,0.17789086776732765,4.0,2026-08-29,171.0,39.0,0.034043958801822274,101.0,0.02118487376642425,1.1761828868873552,0.731915055178698,156.0,1.35,1.017418829453151,0.02894444323358253,4.645,1.0,0.11236615274371103,mlb-hr-v1,2026-09-04T00:56:25.191972+00:00,[],"[{""feature"": ""batter_hr_per_pa"", ""value"": 0.034}, {""feature"": ""recent_hr_per_pa"", ""value"": 0.0212}, {""feature"": ""pitcher_hr_factor"", ""value"": 1.35}, {""feature"": ""venue_factor"", ""value"": 1.017}, {""feature"": ""expected_pa"", ""value"": 4.64}]",0.72,45,1.0,120,120,True
MLB_824144,824144,2026-09-03,2026-09-03T18:10:00+00:00,670623,Isaac Paredes,HOU,CWS,117,145,622491,Daikin Park,3.0,projected,Luis Castillo,True,0.12483868287185773,0.18728652728406847,1.0,2026-09-01,167.0,39.0,0.03471809659987816,102.0,0.02934166648503738,1.1994736371227483,1.0137236445783133,156.0,1.35,1.017418829453151,0.02894444323358253,4.54,1.0,0.11146406647973243,mlb-hr-v1,2026-09-04T00:56:25.191972+00:00,[],"[{""feature"": ""batter_hr_per_pa"", ""value"": 0.0347}, {""feature"": ""recent_hr_per_pa"", ""value"": 0.0293}, {""feature"": ""pitcher_hr_factor"", ""value"": 1.35}, {""feature"": ""venue_factor"", ""value"": 1.017}, {""feature"": ""expected_pa"", ""value"": 4.54}]",0.72,46,1.0,120,120,True
MLB_823095,823095,2026-09-03,2026-09-04T01:40:00+00:00,643446,Jeff McNeil,ATH,SEA,133,136,807739,T-Mobile Park,2.0,projected,Kade Anderson,True,0.12753353815992297,0.21043477494095264,1.0,2026-09-01,137.0,36.0,0.029145671588229,91.0,0.03230275209361914,1.00695222751471,1.1160260307284184,41.0,1.326719669375175,1.25,0.02894444323358253,4.645,0.0,0.11112497982601283,mlb-hr-v1,2026-09-04T00:56:25.191972+00:00,"[""low_pitcher_history""]","[{""feature"": ""batter_hr_per_pa"", ""value"": 0.0291}, {""feature"": ""recent_hr_per_pa"", ""value"": 0.0323}, {""feature"": ""pitcher_hr_factor"", ""value"": 1.327}, {""feature"": ""venue_factor"", ""value"": 1.25}, {""feature"": ""expected_pa"", ""value"": 4.64}]",0.64,47,1.0,120,120,True
MLB_823095,823095,2026-09-03,2026-09-04T01:40:00+00:00,691777,Max Muncy,ATH,SEA,133,136,807739,T-Mobile Park,8.0,projected,Kade Anderson,True,0.1112390338814383,0.172578745506065,6.0,2026-08-23,76.0,25.0,0.027144644262841338,70.0,0.028647727025050973,0.9378188429393248,0.9897487677984667,41.0,1.326719669375175,1.25,0.02894444323358253,4.015,0.0,0.11027449363187948,mlb-hr-v1,2026-09-04T00:56:25.191972+00:00,"[""low_pitcher_history""]","[{""feature"": ""batter_hr_per_pa"", ""value"": 0.0271}, {""feature"": ""recent_hr_per_pa"", ""value"": 0.0286}, {""feature"": ""pitcher_hr_factor"", ""value"": 1.327}, {""feature"": ""venue_factor"", ""value"": 1.25}, {""feature"": ""expected_pa"", ""value"": 4.01}]",0.64,48,1.0,120,120,True
MLB_824144,824144,2026-09-03,2026-09-03T18:10:00+00:00,662139,Daulton Varsho,HOU,CWS,117,145,622491,Daikin Park,5.0,projected,Luis Castillo,True,0.11942397515544967,0.1419591335400564,6.0,2026-08-26,152.0,39.0,0.021460189910028814,91.0,0.03230275209361914,0.7414269376973133,1.1160260307284184,156.0,1.35,1.017418829453151,0.02894444323358253,4.33,1.0,0.11026036521110115,mlb-hr-v1,2026-09-04T00:56:25.191972+00:00,[],"[{""feature"": ""batter_hr_per_pa"", ""value"": 0.0215}, {""feature"": ""recent_hr_per_pa"", ""value"": 0.0323}, {""feature"": ""pitcher_hr_factor"", ""value"": 1.35}, {""feature"": ""venue_factor"", ""value"": 1.017}, {""feature"": ""expected_pa"", ""value"": 4.33}]",0.72,49,1.0,120,120,True
MLB_824796,824796,2026-09-03,2026-09-03T23:15:00+00:00,683002,Gunnar Henderson,BAL,BOS,110,111,687562,Oriole Park at Camden Yards,3.0,projected,Jake Bennett,True,0.12483868287185773,0.1094346379480221,3.0,2026-08-30,166.0,39.0,0.02991569907052432,109.0,0.03559842502523217,1.033555865252053,1.2298880561616543,144.0,0.7864912029068655,1.0274779415058002,0.02894444323358253,4.54,1.0,0.10810017649648371,mlb-hr-v1,2026-09-04T00:56:25.191972+00:00,[],"[{""feature"": ""batter_hr_per_pa"", ""value"": 0.0299}, {""feature"": ""recent_hr_per_pa"", ""value"": 0.0356}, {""feature"": ""pitcher_hr_factor"", ""value"": 0.786}, {""feature"": ""venue_factor"", ""value"": 1.027}, {""feature"": ""expected_pa"", ""value"": 4.54}]",0.72,50,1.0,120,120,True
MLB_822853,822853,2026-09-03,2026-09-04T00:05:00+00:00,677649,Ezequiel Duran,TEX,TB,140,139,663556,Globe Life Field,5.0,projected,Shane McClanahan,True,0.11942397515544967,0.10680155443507522,0.0,2026-09-02,170.0,41.0,0.03421002689353848,104.0,0.02886065555905316,1.1819203643843665,0.99710522417539,88.0,0.8578788839568802,0.9354791473586654,0.02894444323358253,4.33,1.0,0.10601362768519591,mlb-hr-v1,2026-09-04T00:56:25.191972+00:00,[],"[{""feature"": ""batter_hr_per_pa"", ""value"": 0.0342}, {""feature"": ""recent_hr_per_pa"", ""value"": 0.0289}, {""feature"": ""pitcher_hr_factor"", ""value"": 0.858}, {""feature"": ""venue_factor"", ""value"": 0.935}, {""feature"": ""expected_pa"", ""value"": 4.33}]",0.72,51,1.0,120,120,True
MLB_824388,824388,2026-09-03,2026-09-03T17:10:00+00:00,663993,Nathaniel Lowe,CLE,TOR,114,141,667755,Progressive Field,5.0,projected,José Soriano,True,0.11942397515544967,0.0960832856736229,2.0,2026-08-30,133.0,33.0,0.0298396161498535,84.0,0.03451960762945574,1.0309272805507745,1.1926160524450744,164.0,0.72,1.0373151613808174,0.02894444323358253,4.33,1.0,0.10562887302072528,mlb-hr-v1,2026-09-04T00:56:25.191972+00:00,[],"[{""feature"": ""batter_hr_per_pa"", ""value"": 0.0298}, {""feature"": ""recent_hr_per_pa"", ""value"": 0.0345}, {""feature"": ""pitcher_hr_factor"", ""value"": 0.72}, {""feature"": ""venue_factor"", ""value"": 1.037}, {""feature"": ""expected_pa"", ""value"": 4.33}]",0.72,52,1.0,120,120,True
MLB_822853,822853,2026-09-03,2026-09-04T00:05:00+00:00,669394,Jake Burger,TEX,TB,140,139,663556,Globe Life Field,6.0,projected,Shane McClanahan,True,0.11670407122688953,0.1356758521726693,7.0,2026-08-25,142.0,38.0,0.04527150007443722,87.0,0.043057142649566525,1.5640826015928118,1.4875788869764772,88.0,0.8578788839568802,0.9354791473586654,0.02894444323358253,4.225,1.0,0.1025518121705083,mlb-hr-v1,2026-09-04T00:56:25.191972+00:00,[],"[{""feature"": ""batter_hr_per_pa"", ""value"": 0.0453}, {""feature"": ""recent_hr_per_pa"", ""value"": 0.0431}, {""feature"": ""pitcher_hr_factor"", ""value"": 0.858}, {""feature"": ""venue_factor"", ""value"": 0.935}, {""feature"": ""expected_pa"", ""value"": 4.22}]",0.72,53,1.0,120,120,True
MLB_823095,823095,2026-09-03,2026-09-04T01:40:00+00:00,641680,Jonah Heim,ATH,SEA,133,136,807739,T-Mobile Park,6.0,projected,Kade Anderson,True,0.11670407122688953,0.17886557038595163,0.0,2026-09-02,143.0,36.0,0.02816323322008645,83.0,0.02496039582380679,0.9730100175984837,0.8623553620422284,41.0,1.326719669375175,1.25,0.02894444323358253,4.225,0.0,0.10236656055729479,mlb-hr-v1,2026-09-04T00:56:25.191972+00:00,"[""low_pitcher_history""]","[{""feature"": ""batter_hr_per_pa"", ""value"": 0.0282}, {""feature"": ""recent_hr_per_pa"", ""value"": 0.025}, {""feature"": ""pitcher_hr_factor"", ""value"": 1.327}, {""feature"": ""venue_factor"", ""value"": 1.25}, {""feature"": ""expected_pa"", ""value"": 4.22}]",0.64,54,1.0,120,120,True
MLB_823337,823337,2026-09-03,2026-09-03T16:35:00+00:00,699013,Esmerlyn Valdez,PIT,SF,134,137,694918,PNC Park,5.0,projected,Blade Tidwell,True,0.11942397515544967,0.1014181551904173,2.0,2026-08-30,147.0,35.0,0.02754426106140323,85.0,0.02447572794373287,0.9516251820468686,0.8456105977307288,107.0,1.2052354153455929,0.75,0.02894444323358253,4.33,1.0,0.10173643351132003,mlb-hr-v1,2026-09-04T00:56:25.191972+00:00,[],"[{""feature"": ""batter_hr_per_pa"", ""value"": 0.0275}, {""feature"": ""recent_hr_per_pa"", ""value"": 0.0245}, {""feature"": ""pitcher_hr_factor"", ""value"": 1.205}, {""feature"": ""venue_factor"", ""value"": 0.75}, {""feature"": ""expected_pa"", ""value"": 4.33}]",0.72,55,1.0,120,120,True
MLB_824144,824144,2026-09-03,2026-09-03T18:10:00+00:00,643217,Andrew Benintendi,CWS,HOU,145,117,686613,Daikin Park,4.0,projected,Hunter Brown,True,0.12213550377383398,0.13772288675675026,4.0,2026-08-29,118.0,36.0,0.032765068713564625,74.0,0.027402173676135712,1.131998582565556,0.9467162126767942,163.0,1.0468496582483782,1.017418829453151,0.02894444323358253,4.435,0.0,0.10071188836758331,mlb-hr-v1,2026-09-04T00:56:25.191972+00:00,[],"[{""feature"": ""batter_hr_per_pa"", ""value"": 0.0328}, {""feature"": ""recent_hr_per_pa"", ""value"": 0.0274}, {""feature"": ""pitcher_hr_factor"", ""value"": 1.047}, {""feature"": ""venue_factor"", ""value"": 1.017}, {""feature"": ""expected_pa"", ""value"": 4.43}]",0.72,56,1.0,120,120,True
MLB_823095,823095,2026-09-03,2026-09-04T01:40:00+00:00,695720,Tommy White,ATH,SEA,133,136,807739,T-Mobile Park,5.0,projected,Kade Anderson,True,0.11942397515544967,0.13879653353461185,12.0,2026-08-17,147.0,38.0,0.016555250072392245,84.0,0.02471568606082829,0.5719664371772806,0.853900897708481,41.0,1.326719669375175,1.25,0.02894444323358253,4.33,0.0,0.1003416516958449,mlb-hr-v1,2026-09-04T00:56:25.191972+00:00,"[""low_pitcher_history""]","[{""feature"": ""batter_hr_per_pa"", ""value"": 0.0166}, {""feature"": ""recent_hr_per_pa"", ""value"": 0.0247}, {""feature"": ""pitcher_hr_factor"", ""value"": 1.327}, {""feature"": ""venue_factor"", ""value"": 1.25}, {""feature"": ""expected_pa"", ""value"": 4.33}]",0.64,57,1.0,120,120,True
MLB_823907,823907,2026-09-03,2026-09-04T02:10:00+00:00,676475,Alec Burleson,STL,LAD,138,119,669373,UNIQLO Field at Dodger Stadium,3.0,projected,Tarik Skubal,True,0.12483868287185773,0.10666412650562651,16.0,2026-08-16,176.0,42.0,0.033237229920262505,106.0,0.028395161114552304,1.1483112544966596,0.9810228818499807,174.0,0.72,1.0859683250546044,0.02894444323358253,4.54,0.0,0.09857244404729636,mlb-hr-v1,2026-09-04T00:56:25.191972+00:00,[],"[{""feature"": ""batter_hr_per_pa"", ""value"": 0.0332}, {""feature"": ""recent_hr_per_pa"", ""value"": 0.0284}, {""feature"": ""pitcher_hr_factor"", ""value"": 0.72}, {""feature"": ""venue_factor"", ""value"": 1.086}, {""feature"": ""expected_pa"", ""value"": 4.54}]",0.72,58,1.0,120,120,True
MLB_824144,824144,2026-09-03,2026-09-03T18:10:00+00:00,695657,Colson Montgomery,CWS,HOU,145,117,686613,Daikin Park,6.0,projected,Hunter Brown,True,0.11670407122688953,0.13671678958563638,2.0,2026-08-31,160.0,37.0,0.030836182118848143,104.0,0.03705737687052857,1.0653575841828853,1.2802933043650009,163.0,1.0468496582483782,1.017418829453151,0.02894444323358253,4.225,0.0,0.09776226853540937,mlb-hr-v1,2026-09-04T00:56:25.191972+00:00,[],"[{""feature"": ""batter_hr_per_pa"", ""value"": 0.0308}, {""feature"": ""recent_hr_per_pa"", ""value"": 0.0371}, {""feature"": ""pitcher_hr_factor"", ""value"": 1.047}, {""feature"": ""venue_factor"", ""value"": 1.017}, {""feature"": ""expected_pa"", ""value"": 4.22}]",0.72,59,1.0,120,120,True
MLB_824069,824069,2026-09-03,2026-09-03T23:40:00+00:00,521692,Salvador Perez,KC,MIA,118,146,645261,Kauffman Stadium,4.0,projected,Sandy Alcantara,True,0.12213550377383398,0.10563206165144168,0.0,2026-09-02,157.0,38.0,0.03652633079778848,95.0,0.022309734320393678,1.2619462223895581,0.7707778014713722,216.0,0.72,1.08449605597277,0.02894444323358253,4.435,1.0,0.09333831094246059,mlb-hr-v1,2026-09-04T00:56:25.191972+00:00,[],"[{""feature"": ""batter_hr_per_pa"", ""value"": 0.0365}, {""feature"": ""recent_hr_per_pa"", ""value"": 0.0223}, {""feature"": ""pitcher_hr_factor"", ""value"": 0.72}, {""feature"": ""venue_factor"", ""value"": 1.084}, {""feature"": ""expected_pa"", ""value"": 4.43}]",0.72,60,1.0,120,120,True
MLB_822853,822853,2026-09-03,2026-09-04T00:05:00+00:00,607043,Brandon Nimmo,TEX,TB,140,139,663556,Globe Life Field,4.0,projected,Shane McClanahan,True,0.12213550377383398,0.09279878998164148,4.0,2026-08-29,170.0,41.0,0.029331978113050675,105.0,0.02049593478215029,1.0133889215398177,0.7081129395631306,88.0,0.8578788839568802,0.9354791473586654,0.02894444323358253,4.435,1.0,0.09301902633000124,mlb-hr-v1,2026-09-04T00:56:25.191972+00:00,[],"[{""feature"": ""batter_hr_per_pa"", ""value"": 0.0293}, {""feature"": ""recent_hr_per_pa"", ""value"": 0.0205}, {""feature"": ""pitcher_hr_factor"", ""value"": 0.858}, {""feature"": ""venue_factor"", ""value"": 0.935}, {""feature"": ""expected_pa"", ""value"": 4.43}]",0.72,61,1.0,120,120,True
MLB_822853,822853,2026-09-03,2026-09-04T00:05:00+00:00,694671,Wyatt Langford,TEX,TB,140,139,663556,Globe Life Field,3.0,projected,Shane McClanahan,True,0.12483868287185773,0.09319804426164335,8.0,2026-08-24,175.0,41.0,0.02863359768178756,107.0,0.020167999825635885,0.9892606138841077,0.6967831325301205,88.0,0.8578788839568802,0.9354791473586654,0.02894444323358253,4.54,1.0,0.09210858482207887,mlb-hr-v1,2026-09-04T00:56:25.191972+00:00,[],"[{""feature"": ""batter_hr_per_pa"", ""value"": 0.0286}, {""feature"": ""recent_hr_per_pa"", ""value"": 0.0202}, {""feature"": ""pitcher_hr_factor"", ""value"": 0.858}, {""feature"": ""venue_factor"", ""value"": 0.935}, {""feature"": ""expected_pa"", ""value"": 4.54}]",0.72,62,1.0,120,120,True
MLB_824796,824796,2026-09-03,2026-09-03T23:15:00+00:00,686765,Nick Sogard,BOS,BAL,111,110,687064,Oriole Park at Camden Yards,1.0,projected,Brandon Young,True,0.13022009526926226,0.145823997323122,5.0,2026-08-29,151.0,33.0,0.021575567275136494,123.0,0.024971631051095643,0.7454131040290192,0.8627435273006921,166.0,1.35,1.0274779415058002,0.02894444323358253,4.75,0.0,0.09203852875318166,mlb-hr-v1,2026-09-04T00:56:25.191972+00:00,[],"[{""feature"": ""batter_hr_per_pa"", ""value"": 0.0216}, {""feature"": ""recent_hr_per_pa"", ""value"": 0.025}, {""feature"": ""pitcher_hr_factor"", ""value"": 1.35}, {""feature"": ""venue_factor"", ""value"": 1.027}, {""feature"": ""expected_pa"", ""value"": 4.75}]",0.72,63,1.0,120,120,True
MLB_823095,823095,2026-09-03,2026-09-04T01:40:00+00:00,702284,Cole Young,SEA,ATH,136,133,678022,T-Mobile Park,6.0,projected,Jack Perkins,True,0.11670407122688953,0.14625118494293143,7.0,2026-08-24,165.0,39.0,0.02006527756587694,99.0,0.0215470083607221,0.6932341867469878,0.7444264236432913,169.0,1.35,1.25,0.02894444323358253,4.225,1.0,0.09158168671218939,mlb-hr-v1,2026-09-04T00:56:25.191972+00:00,[],"[{""feature"": ""batter_hr_per_pa"", ""value"": 0.0201}, {""feature"": ""recent_hr_per_pa"", ""value"": 0.0215}, {""feature"": ""pitcher_hr_factor"", ""value"": 1.35}, {""feature"": ""venue_factor"", ""value"": 1.25}, {""feature"": ""expected_pa"", ""value"": 4.22}]",0.72,64,1.0,120,120,True
MLB_823095,823095,2026-09-03,2026-09-04T01:40:00+00:00,642215,Weston Wilson,SEA,ATH,136,133,678022,T-Mobile Park,8.0,projected,Jack Perkins,True,0.1112390338814383,0.16934388873510242,9.0,2026-08-13,76.0,25.0,0.027144644262841338,44.0,0.024532257712975576,0.9378188429393248,0.847563641663428,169.0,1.35,1.25,0.02894444323358253,4.015,1.0,0.09132783362191343,mlb-hr-v1,2026-09-04T00:56:25.191972+00:00,[],"[{""feature"": ""batter_hr_per_pa"", ""value"": 0.0271}, {""feature"": ""recent_hr_per_pa"", ""value"": 0.0245}, {""feature"": ""pitcher_hr_factor"", ""value"": 1.35}, {""feature"": ""venue_factor"", ""value"": 1.25}, {""feature"": ""expected_pa"", ""value"": 4.01}]",0.72,65,1.0,120,120,True
MLB_824069,824069,2026-09-03,2026-09-03T23:40:00+00:00,805300,Jakob Marsee,MIA,KC,146,118,608379,Kauffman Stadium,6.0,projected,Michael Wacha,True,0.11670407122688953,0.16875650559867594,0.0,2026-09-02,135.0,38.0,0.029488561842208164,93.0,0.03172072052436473,1.0187987243090006,1.0959174535981764,199.0,1.3171785502666402,1.08449605597277,0.02894444323358253,4.225,0.0,0.09041278345701874,mlb-hr-v1,2026-09-04T00:56:25.191972+00:00,[],"[{""feature"": ""batter_hr_per_pa"", ""value"": 0.0295}, {""feature"": ""recent_hr_per_pa"", ""value"": 0.0317}, {""feature"": ""pitcher_hr_factor"", ""value"": 1.317}, {""feature"": ""venue_factor"", ""value"": 1.084}, {""feature"": ""expected_pa"", ""value"": 4.22}]",0.72,66,1.0,120,120,True
MLB_824144,824144,2026-09-03,2026-09-03T18:10:00+00:00,695731,Braden Montgomery,CWS,HOU,145,117,686613,Daikin Park,5.0,projected,Hunter Brown,True,0.11942397515544967,0.08297688097725187,9.0,2026-08-22,163.0,39.0,0.015217452086744385,105.0,0.02049593478215029,0.5257469271023487,0.7081129395631306,163.0,1.0468496582483782,1.017418829453151,0.02894444323358253,4.33,0.0,0.09026587345706581,mlb-hr-v1,2026-09-04T00:56:25.191972+00:00,[],"[{""feature"": ""batter_hr_per_pa"", ""value"": 0.0152}, {""feature"": ""recent_hr_per_pa"", ""value"": 0.0205}, {""feature"": ""pitcher_hr_factor"", ""value"": 1.047}, {""feature"": ""venue_factor"", ""value"": 1.017}, {""feature"": ""expected_pa"", ""value"": 4.33}]",0.72,67,1.0,120,120,True
MLB_823337,823337,2026-09-03,2026-09-03T16:35:00+00:00,804668,Rafael Flores Jr.,PIT,SF,134,137,694918,PNC Park,7.0,projected,Blade Tidwell,True,0.11397576611867899,0.2042975005431814,3.0,2026-08-29,78.0,24.0,0.0620624381696937,72.0,0.07245555531338317,2.1441918114937626,2.5032630522088355,107.0,1.2052354153455929,0.75,0.02894444323358253,4.12,1.0,0.08968708824713968,mlb-hr-v1,2026-09-04T00:56:25.191972+00:00,[],"[{""feature"": ""batter_hr_per_pa"", ""value"": 0.0621}, {""feature"": ""recent_hr_per_pa"", ""value"": 0.0725}, {""feature"": ""pitcher_hr_factor"", ""value"": 1.205}, {""feature"": ""venue_factor"", ""value"": 0.75}, {""feature"": ""expected_pa"", ""value"": 4.12}]",0.72,68,1.0,120,120,True
MLB_824069,824069,2026-09-03,2026-09-03T23:40:00+00:00,677951,Bobby Witt Jr.,KC,MIA,118,146,645261,Kauffman Stadium,2.0,projected,Sandy Alcantara,True,0.12753353815992297,0.09156336230920092,11.0,2026-08-20,124.0,28.0,0.025239342850159673,113.0,0.026877862429041874,0.8719926877320602,0.9286018118274625,216.0,0.72,1.08449605597277,0.02894444323358253,4.645,1.0,0.08967495895738649,mlb-hr-v1,2026-09-04T00:56:25.191972+00:00,[],"[{""feature"": ""batter_hr_per_pa"", ""value"": 0.0252}, {""feature"": ""recent_hr_per_pa"", ""value"": 0.0269}, {""feature"": ""pitcher_hr_factor"", ""value"": 0.72}, {""feature"": ""venue_factor"", ""value"": 1.084}, {""feature"": ""expected_pa"", ""value"": 4.64}]",0.72,69,1.0,120,120,True
MLB_824632,824632,2026-09-03,2026-09-03T23:15:00+00:00,624424,Michael Conforto,CHC,MIL,112,158,701656,Wrigley Field,9.0,projected,Logan Henderson,True,0.10849384848563615,0.29712227925227996,1.0,2026-08-31,82.0,30.0,0.051393636864746906,53.0,0.06367605603104909,1.7755959736381421,2.199940607500424,158.0,1.35,1.25,0.02894444323358253,3.91,1.0,0.08928599627853563,mlb-hr-v1,2026-09-04T00:56:25.191972+00:00,[],"[{""feature"": ""batter_hr_per_pa"", ""value"": 0.0514}, {""feature"": ""recent_hr_per_pa"", ""value"": 0.0637}, {""feature"": ""pitcher_hr_factor"", ""value"": 1.35}, {""feature"": ""venue_factor"", ""value"": 1.25}, {""feature"": ""expected_pa"", ""value"": 3.91}]",0.72,70,1.0,120,120,True
MLB_823095,823095,2026-09-03,2026-09-04T01:40:00+00:00,666126,Carlos Cortes,ATH,SEA,133,136,807739,T-Mobile Park,7.0,projected,Kade Anderson,True,0.11397576611867899,0.12164981516720852,6.0,2026-08-25,88.0,30.0,0.01636630498516576,66.0,0.01810714259767245,0.5654385836027035,0.6255826878944349,41.0,1.326719669375175,1.25,0.02894444323358253,4.12,0.0,0.08763196612654474,mlb-hr-v1,2026-09-04T00:56:25.191972+00:00,"[""low_pitcher_history""]","[{""feature"": ""batter_hr_per_pa"", ""value"": 0.0164}, {""feature"": ""recent_hr_per_pa"", ""value"": 0.0181}, {""feature"": ""pitcher_hr_factor"", ""value"": 1.327}, {""feature"": ""venue_factor"", ""value"": 1.25}, {""feature"": ""expected_pa"", ""value"": 4.12}]",0.64,71,1.0,120,120,True
MLB_823907,823907,2026-09-03,2026-09-04T02:10:00+00:00,669242,Tommy Edman,LAD,STL,119,138,687273,UNIQLO Field at Dodger Stadium,5.0,projected,Quinn Mathews,True,0.11942397515544967,0.07417301765619466,6.0,2026-08-26,154.0,37.0,0.02123309795330893,97.0,0.02192173894090857,0.7335811499968126,0.7573729701414353,89.0,0.72,1.0859683250546044,0.02894444323358253,4.33,1.0,0.08753268146567492,mlb-hr-v1,2026-09-04T00:56:25.191972+00:00,[],"[{""feature"": ""batter_hr_per_pa"", ""value"": 0.0212}, {""feature"": ""recent_hr_per_pa"", ""value"": 0.0219}, {""feature"": ""pitcher_hr_factor"", ""value"": 0.72}, {""feature"": ""venue_factor"", ""value"": 1.086}, {""feature"": ""expected_pa"", ""value"": 4.33}]",0.72,72,1.0,120,120,True
MLB_824796,824796,2026-09-03,2026-09-03T23:15:00+00:00,680776,Jarren Duran,BOS,BAL,111,110,687064,Oriole Park at Camden Yards,7.0,projected,Brandon Young,True,0.11397576611867899,0.19513046397046707,2.0,2026-08-31,150.0,39.0,0.03790840817932642,96.0,0.039657894545653376,1.3096955389124063,1.3701384485309658,166.0,1.35,1.0274779415058002,0.02894444323358253,4.12,0.0,0.08703272063832788,mlb-hr-v1,2026-09-04T00:56:25.191972+00:00,[],"[{""feature"": ""batter_hr_per_pa"", ""value"": 0.0379}, {""feature"": ""recent_hr_per_pa"", ""value"": 0.0397}, {""feature"": ""pitcher_hr_factor"", ""value"": 1.35}, {""feature"": ""venue_factor"", ""value"": 1.027}, {""feature"": ""expected_pa"", ""value"": 4.12}]",0.72,73,1.0,120,120,True
MLB_824632,824632,2026-09-03,2026-09-03T23:15:00+00:00,663538,Nico Hoerner,CHC,MIL,112,158,701656,Wrigley Field,6.0,projected,Logan Henderson,True,0.11670407122688953,0.15079542273110513,2.0,2026-08-31,167.0,40.0,0.02481710650086826,102.0,0.012674999818370714,0.8574048669927233,0.45,158.0,1.35,1.25,0.02894444323358253,4.225,1.0,0.08676416272377599,mlb-hr-v1,2026-09-04T00:56:25.191972+00:00,[],"[{""feature"": ""batter_hr_per_pa"", ""value"": 0.0248}, {""feature"": ""recent_hr_per_pa"", ""value"": 0.0127}, {""feature"": ""pitcher_hr_factor"", ""value"": 1.35}, {""feature"": ""venue_factor"", ""value"": 1.25}, {""feature"": ""expected_pa"", ""value"": 4.22}]",0.72,74,1.0,120,120,True
MLB_824796,824796,2026-09-03,2026-09-03T23:15:00+00:00,687637,Dylan Beavers,BAL,BOS,110,111,687562,Oriole Park at Camden Yards,6.0,projected,Jake Bennett,True,0.11670407122688953,0.11390158724446786,11.0,2026-08-21,122.0,38.0,0.03193028989283687,81.0,0.04566666644650995,1.1031578543473255,1.5777351831568698,144.0,0.7864912029068655,1.0274779415058002,0.02894444323358253,4.225,1.0,0.08670634809085856,mlb-hr-v1,2026-09-04T00:56:25.191972+00:00,[],"[{""feature"": ""batter_hr_per_pa"", ""value"": 0.0319}, {""feature"": ""recent_hr_per_pa"", ""value"": 0.0457}, {""feature"": ""pitcher_hr_factor"", ""value"": 0.786}, {""feature"": ""venue_factor"", ""value"": 1.027}, {""feature"": ""expected_pa"", ""value"": 4.22}]",0.72,75,1.0,120,120,True
MLB_824144,824144,2026-09-03,2026-09-03T18:10:00+00:00,686668,Brenton Doyle,CWS,HOU,145,117,686613,Daikin Park,7.0,projected,Hunter Brown,True,0.11397576611867899,0.1343424620425443,4.0,2026-08-26,61.0,27.0,0.031385994928910296,51.0,0.03653623156818095,1.0843530371485943,1.2622882835690588,163.0,1.0468496582483782,1.017418829453151,0.02894444323358253,4.12,0.0,0.0866030911843111,mlb-hr-v1,2026-09-04T00:56:25.191972+00:00,[],"[{""feature"": ""batter_hr_per_pa"", ""value"": 0.0314}, {""feature"": ""recent_hr_per_pa"", ""value"": 0.0365}, {""feature"": ""pitcher_hr_factor"", ""value"": 1.047}, {""feature"": ""venue_factor"", ""value"": 1.017}, {""feature"": ""expected_pa"", ""value"": 4.12}]",0.72,76,1.0,120,120,True
MLB_822853,822853,2026-09-03,2026-09-04T00:05:00+00:00,689414,Liam Hicks,TB,TEX,139,140,615698,Globe Life Field,4.0,projected,Cal Quantrill,True,0.12213550377383398,0.08612481155674234,8.0,2026-08-22,139.0,36.0,0.02881066386882407,74.0,0.027402173676135712,0.995378063980058,0.9467162126767942,152.0,0.75455247385481,0.9354791473586654,0.02894444323358253,4.435,0.0,0.0852219588713688,mlb-hr-v1,2026-09-04T00:56:25.191972+00:00,[],"[{""feature"": ""batter_hr_per_pa"", ""value"": 0.0288}, {""feature"": ""recent_hr_per_pa"", ""value"": 0.0274}, {""feature"": ""pitcher_hr_factor"", ""value"": 0.755}, {""feature"": ""venue_factor"", ""value"": 0.935}, {""feature"": ""expected_pa"", ""value"": 4.43}]",0.72,77,1.0,120,120,True
MLB_824144,824144,2026-09-03,2026-09-03T18:10:00+00:00,572233,Christian Walker,HOU,CWS,117,145,622491,Daikin Park,6.0,projected,Luis Castillo,True,0.11670407122688953,0.14708227429747678,6.0,2026-08-27,146.0,37.0,0.027696439299311537,88.0,0.02378301866230647,0.9568827797377354,0.8216782223232554,156.0,1.35,1.017418829453151,0.02894444323358253,4.225,1.0,0.08469995378067527,mlb-hr-v1,2026-09-04T00:56:25.191972+00:00,[],"[{""feature"": ""batter_hr_per_pa"", ""value"": 0.0277}, {""feature"": ""recent_hr_per_pa"", ""value"": 0.0238}, {""feature"": ""pitcher_hr_factor"", ""value"": 1.35}, {""feature"": ""venue_factor"", ""value"": 1.017}, {""feature"": ""expected_pa"", ""value"": 4.22}]",0.72,78,1.0,120,120,True
MLB_824069,824069,2026-09-03,2026-09-03T23:40:00+00:00,691594,Javier Sanoja,MIA,KC,146,118,608379,Kauffman Stadium,7.0,projected,Michael Wacha,True,0.11397576611867899,0.16133086541935027,0.0,2026-09-02,142.0,40.0,0.028322347532064338,93.0,0.03172072052436473,0.9785072493363283,1.0959174535981764,199.0,1.3171785502666402,1.08449605597277,0.02894444323358253,4.12,0.0,0.08461454628146936,mlb-hr-v1,2026-09-04T00:56:25.191972+00:00,[],"[{""feature"": ""batter_hr_per_pa"", ""value"": 0.0283}, {""feature"": ""recent_hr_per_pa"", ""value"": 0.0317}, {""feature"": ""pitcher_hr_factor"", ""value"": 1.317}, {""feature"": ""venue_factor"", ""value"": 1.084}, {""feature"": ""expected_pa"", ""value"": 4.12}]",0.72,79,1.0,120,120,True
MLB_824632,824632,2026-09-03,2026-09-03T23:15:00+00:00,608348,Carson Kelly,CHC,MIL,112,158,701656,Wrigley Field,8.0,projected,Logan Henderson,True,0.1112390338814383,0.22002569007576134,1.0,2026-08-31,110.0,31.0,0.03457279664258888,66.0,0.041916666407196254,1.1944536767760696,1.448176635111876,158.0,1.35,1.25,0.02894444323358253,4.015,1.0,0.08445250077969488,mlb-hr-v1,2026-09-04T00:56:25.191972+00:00,[],"[{""feature"": ""batter_hr_per_pa"", ""value"": 0.0346}, {""feature"": ""recent_hr_per_pa"", ""value"": 0.0419}, {""feature"": ""pitcher_hr_factor"", ""value"": 1.35}, {""feature"": ""venue_factor"", ""value"": 1.25}, {""feature"": ""expected_pa"", ""value"": 4.01}]",0.72,80,1.0,120,120,True
MLB_823095,823095,2026-09-03,2026-09-04T01:40:00+00:00,647304,Josh Naylor,SEA,ATH,136,133,678022,T-Mobile Park,4.0,projected,Jack Perkins,True,0.12213550377383398,0.13680693271566702,20.0,2026-08-08,157.0,37.0,0.015692997464455148,95.0,0.022309734320393678,0.5421765185742972,0.7707778014713722,169.0,1.35,1.25,0.02894444323358253,4.435,1.0,0.08407196217991843,mlb-hr-v1,2026-09-04T00:56:25.191972+00:00,[],"[{""feature"": ""batter_hr_per_pa"", ""value"": 0.0157}, {""feature"": ""recent_hr_per_pa"", ""value"": 0.0223}, {""feature"": ""pitcher_hr_factor"", ""value"": 1.35}, {""feature"": ""venue_factor"", ""value"": 1.25}, {""feature"": ""expected_pa"", ""value"": 4.43}]",0.72,81,1.0,120,120,True
MLB_824796,824796,2026-09-03,2026-09-03T23:15:00+00:00,702332,Caleb Durbin,BOS,BAL,111,110,687064,Oriole Park at Camden Yards,6.0,projected,Brandon Young,True,0.11670407122688953,0.10886303187984381,19.0,2026-08-13,169.0,41.0,0.019671840750859745,111.0,0.011790697505461129,0.6796413595558705,0.45,166.0,1.35,1.0274779415058002,0.02894444323358253,4.225,0.0,0.08388006437651434,mlb-hr-v1,2026-09-04T00:56:25.191972+00:00,[],"[{""feature"": ""batter_hr_per_pa"", ""value"": 0.0197}, {""feature"": ""recent_hr_per_pa"", ""value"": 0.0118}, {""feature"": ""pitcher_hr_factor"", ""value"": 1.35}, {""feature"": ""venue_factor"", ""value"": 1.027}, {""feature"": ""expected_pa"", ""value"": 4.22}]",0.72,82,1.0,120,120,True
MLB_824144,824144,2026-09-03,2026-09-03T18:10:00+00:00,666211,Taylor Trammell,HOU,CWS,117,145,622491,Daikin Park,7.0,projected,Luis Castillo,True,0.11397576611867899,0.16032207191335268,19.0,2026-08-08,109.0,37.0,0.03481288550816242,58.0,0.020013157607953757,1.2027484939759034,0.6914334971464806,156.0,1.35,1.017418829453151,0.02894444323358253,4.12,1.0,0.08336200553181929,mlb-hr-v1,2026-09-04T00:56:25.191972+00:00,[],"[{""feature"": ""batter_hr_per_pa"", ""value"": 0.0348}, {""feature"": ""recent_hr_per_pa"", ""value"": 0.02}, {""feature"": ""pitcher_hr_factor"", ""value"": 1.35}, {""feature"": ""venue_factor"", ""value"": 1.017}, {""feature"": ""expected_pa"", ""value"": 4.12}]",0.72,83,1.0,120,120,True
MLB_823337,823337,2026-09-03,2026-09-03T16:35:00+00:00,663968,Jake Mangum,PIT,SF,134,137,694918,PNC Park,6.0,projected,Blade Tidwell,True,0.11670407122688953,0.06664390911638007,19.0,2026-08-09,148.0,37.0,0.016464784225002124,85.0,0.0147669900796552,0.5688409375205742,0.5101839396420634,107.0,1.2052354153455929,0.75,0.02894444323358253,4.225,1.0,0.0828465637616937,mlb-hr-v1,2026-09-04T00:56:25.191972+00:00,[],"[{""feature"": ""batter_hr_per_pa"", ""value"": 0.0165}, {""feature"": ""recent_hr_per_pa"", ""value"": 0.0148}, {""feature"": ""pitcher_hr_factor"", ""value"": 1.205}, {""feature"": ""venue_factor"", ""value"": 0.75}, {""feature"": ""expected_pa"", ""value"": 4.22}]",0.72,84,1.0,120,120,True
MLB_824069,824069,2026-09-03,2026-09-03T23:40:00+00:00,679845,Nick Loftin,KC,MIA,118,146,645261,Kauffman Stadium,5.0,projected,Sandy Alcantara,True,0.11942397515544967,0.07649673090534048,1.0,2026-09-01,146.0,38.0,0.0221715774208585,93.0,0.022711711515355726,0.7660046262397656,0.7846656897861717,216.0,0.72,1.08449605597277,0.02894444323358253,4.33,1.0,0.08274954012875424,mlb-hr-v1,2026-09-04T00:56:25.191972+00:00,[],"[{""feature"": ""batter_hr_per_pa"", ""value"": 0.0222}, {""feature"": ""recent_hr_per_pa"", ""value"": 0.0227}, {""feature"": ""pitcher_hr_factor"", ""value"": 0.72}, {""feature"": ""venue_factor"", ""value"": 1.084}, {""feature"": ""expected_pa"", ""value"": 4.33}]",0.72,85,1.0,120,120,True
MLB_823337,823337,2026-09-03,2026-09-03T16:35:00+00:00,669707,Jared Triolo,PIT,SF,134,137,694918,PNC Park,8.0,projected,Blade Tidwell,True,0.1112390338814383,0.08548491394786972,2.0,2026-08-30,104.0,37.0,0.02167665836816826,72.0,0.02801111086893873,0.7489056947213313,0.9677543507362785,107.0,1.2052354153455929,0.75,0.02894444323358253,4.015,1.0,0.08262024641902545,mlb-hr-v1,2026-09-04T00:56:25.191972+00:00,[],"[{""feature"": ""batter_hr_per_pa"", ""value"": 0.0217}, {""feature"": ""recent_hr_per_pa"", ""value"": 0.028}, {""feature"": ""pitcher_hr_factor"", ""value"": 1.205}, {""feature"": ""venue_factor"", ""value"": 0.75}, {""feature"": ""expected_pa"", ""value"": 4.01}]",0.72,86,1.0,120,120,True
MLB_823337,823337,2026-09-03,2026-09-03T16:35:00+00:00,668804,Bryan Reynolds,PIT,SF,134,137,694918,PNC Park,3.0,projected,Blade Tidwell,True,0.12483868287185773,0.05490966118907703,32.0,2026-07-28,173.0,39.0,0.009678151505650906,107.0,0.004167999825635884,0.35,0.45,107.0,1.2052354153455929,0.75,0.02894444323358253,4.54,1.0,0.08193433252043787,mlb-hr-v1,2026-09-04T00:56:25.191972+00:00,[],"[{""feature"": ""batter_hr_per_pa"", ""value"": 0.0097}, {""feature"": ""recent_hr_per_pa"", ""value"": 0.0042}, {""feature"": ""pitcher_hr_factor"", ""value"": 1.205}, {""feature"": ""venue_factor"", ""value"": 0.75}, {""feature"": ""expected_pa"", ""value"": 4.54}]",0.72,87,1.0,120,120,True
MLB_822853,822853,2026-09-03,2026-09-04T00:05:00+00:00,608369,Corey Seager,TEX,TB,140,139,663556,Globe Life Field,2.0,projected,Shane McClanahan,True,0.12753353815992297,0.09734677321551466,12.0,2026-08-20,121.0,29.0,0.02572471482804736,101.0,0.029588235110962063,0.8887617778807537,1.0222423306672066,88.0,0.8578788839568802,0.9354791473586654,0.02894444323358253,4.645,1.0,0.0819205864165116,mlb-hr-v1,2026-09-04T00:56:25.191972+00:00,[],"[{""feature"": ""batter_hr_per_pa"", ""value"": 0.0257}, {""feature"": ""recent_hr_per_pa"", ""value"": 0.0296}, {""feature"": ""pitcher_hr_factor"", ""value"": 0.858}, {""feature"": ""venue_factor"", ""value"": 0.935}, {""feature"": ""expected_pa"", ""value"": 4.64}]",0.72,88,1.0,120,120,True
MLB_824796,824796,2026-09-03,2026-09-03T23:15:00+00:00,668939,Adley Rutschman,BOS,BAL,111,110,687064,Oriole Park at Camden Yards,5.0,projected,Brandon Young,True,0.11942397515544967,0.1262785857447607,8.0,2026-08-18,59.0,15.0,0.0214154841827169,59.0,0.019753246470188127,0.7398824019482184,0.6824538413393836,166.0,1.35,1.0274779415058002,0.02894444323358253,4.33,0.0,0.08167832392787344,mlb-hr-v1,2026-09-04T00:56:25.191972+00:00,[],"[{""feature"": ""batter_hr_per_pa"", ""value"": 0.0214}, {""feature"": ""recent_hr_per_pa"", ""value"": 0.0198}, {""feature"": ""pitcher_hr_factor"", ""value"": 1.35}, {""feature"": ""venue_factor"", ""value"": 1.027}, {""feature"": ""expected_pa"", ""value"": 4.33}]",0.72,89,1.0,120,120,True
MLB_824632,824632,2026-09-03,2026-09-03T23:15:00+00:00,683734,Andrew Vaughn,MIL,CHC,158,112,592332,Wrigley Field,5.0,projected,Kevin Gausman,True,0.11942397515544967,0.11185448341502757,24.0,2026-08-04,122.0,36.0,0.02556086314124451,75.0,0.005602150303274038,0.8831008748369272,0.45,186.0,0.9426178740937776,1.25,0.02894444323358253,4.33,0.0,0.08137974694247417,mlb-hr-v1,2026-09-04T00:56:25.191972+00:00,[],"[{""feature"": ""batter_hr_per_pa"", ""value"": 0.0256}, {""feature"": ""recent_hr_per_pa"", ""value"": 0.0056}, {""feature"": ""pitcher_hr_factor"", ""value"": 0.943}, {""feature"": ""venue_factor"", ""value"": 1.25}, {""feature"": ""expected_pa"", ""value"": 4.33}]",0.72,90,1.0,120,120,True
MLB_823337,823337,2026-09-03,2026-09-03T16:35:00+00:00,808982,Jung Hoo Lee,SF,PIT,137,134,669199,PNC Park,4.0,projected,Lake Bachar,True,0.12213550377383398,0.10031044954919066,19.0,2026-08-10,158.0,37.0,0.025974380897281803,96.0,0.013342105071969172,0.8973874773706223,0.4609556647643205,98.0,1.35,0.75,0.02894444323358253,4.435,0.0,0.08095169167130317,mlb-hr-v1,2026-09-04T00:56:25.191972+00:00,[],"[{""feature"": ""batter_hr_per_pa"", ""value"": 0.026}, {""feature"": ""recent_hr_per_pa"", ""value"": 0.0133}, {""feature"": ""pitcher_hr_factor"", ""value"": 1.35}, {""feature"": ""venue_factor"", ""value"": 0.75}, {""feature"": ""expected_pa"", ""value"": 4.43}]",0.72,91,1.0,120,120,True
MLB_824069,824069,2026-09-03,2026-09-03T23:40:00+00:00,682663,Agustín Ramírez,MIA,KC,146,118,608379,Kauffman Stadium,5.0,projected,Michael Wacha,True,0.11942397515544967,0.08188156145829906,,,67.0,22.0,0.009931916795837142,64.0,0.006353658270786409,0.35,0.45,199.0,1.3171785502666402,1.08449605597277,0.02894444323358253,4.33,0.0,0.08060978029443674,mlb-hr-v1,2026-09-04T00:56:25.191972+00:00,"[""no_hr_in_history_window""]","[{""feature"": ""batter_hr_per_pa"", ""value"": 0.0099}, {""feature"": ""recent_hr_per_pa"", ""value"": 0.0064}, {""feature"": ""pitcher_hr_factor"", ""value"": 1.317}, {""feature"": ""venue_factor"", ""value"": 1.084}, {""feature"": ""expected_pa"", ""value"": 4.33}]",0.64,92,1.0,120,120,True
MLB_824632,824632,2026-09-03,2026-09-03T23:15:00+00:00,699393,Pedro Ramírez,CHC,MIL,112,158,701656,Wrigley Field,7.0,projected,Logan Henderson,True,0.11397576611867899,0.18939155901648896,2.0,2026-08-28,120.0,33.0,0.025890680730163793,74.0,0.038271738893527016,0.8944957248348231,1.3222482320586695,158.0,1.35,1.25,0.02894444323358253,4.12,1.0,0.0803560155692753,mlb-hr-v1,2026-09-04T00:56:25.191972+00:00,[],"[{""feature"": ""batter_hr_per_pa"", ""value"": 0.0259}, {""feature"": ""recent_hr_per_pa"", ""value"": 0.0383}, {""feature"": ""pitcher_hr_factor"", ""value"": 1.35}, {""feature"": ""venue_factor"", ""value"": 1.25}, {""feature"": ""expected_pa"", ""value"": 4.12}]",0.72,93,1.0,120,120,True
MLB_824388,824388,2026-09-03,2026-09-03T17:10:00+00:00,682657,Angel Martínez,CLE,TOR,114,141,667755,Progressive Field,6.0,projected,José Soriano,True,0.11670407122688953,0.09534871273179857,1.0,2026-09-01,102.0,29.0,0.029292376008579476,75.0,0.03786021481940307,1.0120207105795445,1.3080305091333073,164.0,0.72,1.0373151613808174,0.02894444323358253,4.225,1.0,0.079715379383913,mlb-hr-v1,2026-09-04T00:56:25.191972+00:00,[],"[{""feature"": ""batter_hr_per_pa"", ""value"": 0.0293}, {""feature"": ""recent_hr_per_pa"", ""value"": 0.0379}, {""feature"": ""pitcher_hr_factor"", ""value"": 0.72}, {""feature"": ""venue_factor"", ""value"": 1.037}, {""feature"": ""expected_pa"", ""value"": 4.22}]",0.72,94,1.0,120,120,True
MLB_824069,824069,2026-09-03,2026-09-03T23:40:00+00:00,672640,Otto Lopez,MIA,KC,146,118,608379,Kauffman Stadium,1.0,projected,Michael Wacha,True,0.13022009526926226,0.08945802751845289,3.0,2026-08-30,172.0,39.0,0.00972490586075067,111.0,0.011790697505461129,0.35,0.45,199.0,1.3171785502666402,1.08449605597277,0.02894444323358253,4.75,0.0,0.07964945981135578,mlb-hr-v1,2026-09-04T00:56:25.191972+00:00,[],"[{""feature"": ""batter_hr_per_pa"", ""value"": 0.0097}, {""feature"": ""recent_hr_per_pa"", ""value"": 0.0118}, {""feature"": ""pitcher_hr_factor"", ""value"": 1.317}, {""feature"": ""venue_factor"", ""value"": 1.084}, {""feature"": ""expected_pa"", ""value"": 4.75}]",0.72,95,1.0,120,120,True
MLB_823907,823907,2026-09-03,2026-09-04T02:10:00+00:00,571771,Enrique Hernández,LAD,STL,119,138,687273,UNIQLO Field at Dodger Stadium,8.0,projected,Quinn Mathews,True,0.1112390338814383,0.08168453581398505,7.0,2026-08-19,46.0,22.0,0.024852537199696153,32.0,0.030419999564089712,0.8586289602855868,1.0509789156626506,89.0,0.72,1.0859683250546044,0.02894444323358253,4.015,1.0,0.07919125251581116,mlb-hr-v1,2026-09-04T00:56:25.191972+00:00,"[""low_batter_history""]","[{""feature"": ""batter_hr_per_pa"", ""value"": 0.0249}, {""feature"": ""recent_hr_per_pa"", ""value"": 0.0304}, {""feature"": ""pitcher_hr_factor"", ""value"": 0.72}, {""feature"": ""venue_factor"", ""value"": 1.086}, {""feature"": ""expected_pa"", ""value"": 4.01}]",0.64,97,1.0,120,120,True
MLB_823337,823337,2026-09-03,2026-09-03T16:35:00+00:00,687462,Spencer Horwitz,PIT,SF,134,137,694918,PNC Park,1.0,projected,Blade Tidwell,True,0.13022009526926226,0.0573752691956706,,,97.0,23.0,0.007674662978601428,84.0,0.0051078429235733875,0.35,0.45,107.0,1.2052354153455929,0.75,0.02894444323358253,4.75,1.0,0.07894101826501096,mlb-hr-v1,2026-09-04T00:56:25.191972+00:00,"[""no_hr_in_history_window""]","[{""feature"": ""batter_hr_per_pa"", ""value"": 0.0077}, {""feature"": ""recent_hr_per_pa"", ""value"": 0.0051}, {""feature"": ""pitcher_hr_factor"", ""value"": 1.205}, {""feature"": ""venue_factor"", ""value"": 0.75}, {""feature"": ""expected_pa"", ""value"": 4.75}]",0.64,98,1.0,120,120,True
MLB_823337,823337,2026-09-03,2026-09-03T16:35:00+00:00,678545,Osleivis Basabe,SF,PIT,137,134,669199,PNC Park,7.0,projected,Lake Bachar,True,0.11397576611867899,0.11866534290889685,2.0,2026-08-31,104.0,30.0,0.036065147576801355,81.0,0.015363636143479653,1.2460128282915837,0.5307974321528539,98.0,1.35,0.75,0.02894444323358253,4.12,0.0,0.07885653671564427,mlb-hr-v1,2026-09-04T00:56:25.191972+00:00,[],"[{""feature"": ""batter_hr_per_pa"", ""value"": 0.0361}, {""feature"": ""recent_hr_per_pa"", ""value"": 0.0154}, {""feature"": ""pitcher_hr_factor"", ""value"": 1.35}, {""feature"": ""venue_factor"", ""value"": 0.75}, {""feature"": ""expected_pa"", ""value"": 4.12}]",0.72,99,1.0,120,120,True
MLB_823907,823907,2026-09-03,2026-09-04T02:10:00+00:00,663656,Kyle Tucker,LAD,STL,119,138,687273,UNIQLO Field at Dodger Stadium,6.0,projected,Quinn Mathews,True,0.11670407122688953,0.07869131636079918,20.0,2026-08-08,144.0,37.0,0.02800589672165021,93.0,0.013702702506346717,0.9675742074443022,0.473413925974167,89.0,0.72,1.0859683250546044,0.02894444323358253,4.225,1.0,0.07840011247586162,mlb-hr-v1,2026-09-04T00:56:25.191972+00:00,[],"[{""feature"": ""batter_hr_per_pa"", ""value"": 0.028}, {""feature"": ""recent_hr_per_pa"", ""value"": 0.0137}, {""feature"": ""pitcher_hr_factor"", ""value"": 0.72}, {""feature"": ""venue_factor"", ""value"": 1.086}, {""feature"": ""expected_pa"", ""value"": 4.22}]",0.72,100,1.0,120,120,True
MLB_824144,824144,2026-09-03,2026-09-03T18:10:00+00:00,803011,Sam Antonacci,CWS,HOU,145,117,686613,Daikin Park,1.0,projected,Hunter Brown,True,0.13022009526926226,0.06787937132048627,32.0,2026-07-29,160.0,41.0,0.010323361606027632,105.0,0.004235772180524272,0.3566612604263206,0.45,163.0,1.0468496582483782,1.017418829453151,0.02894444323358253,4.75,0.0,0.07727281012659962,mlb-hr-v1,2026-09-04T00:56:25.191972+00:00,[],"[{""feature"": ""batter_hr_per_pa"", ""value"": 0.0103}, {""feature"": ""recent_hr_per_pa"", ""value"": 0.0042}, {""feature"": ""pitcher_hr_factor"", ""value"": 1.047}, {""feature"": ""venue_factor"", ""value"": 1.017}, {""feature"": ""expected_pa"", ""value"": 4.75}]",0.72,102,1.0,120,120,True
MLB_822853,822853,2026-09-03,2026-09-04T00:05:00+00:00,679822,Justin Foscue,TEX,TB,140,139,663556,Globe Life Field,8.0,projected,Shane McClanahan,True,0.1112390338814383,0.13714791743882215,0.0,2026-09-02,81.0,32.0,0.0432159958032361,59.0,0.05871428543122708,1.4930670959700871,2.0285166640588326,88.0,0.8578788839568802,0.9354791473586654,0.02894444323358253,4.015,1.0,0.0765081751431157,mlb-hr-v1,2026-09-04T00:56:25.191972+00:00,[],"[{""feature"": ""batter_hr_per_pa"", ""value"": 0.0432}, {""feature"": ""recent_hr_per_pa"", ""value"": 0.0587}, {""feature"": ""pitcher_hr_factor"", ""value"": 0.858}, {""feature"": ""venue_factor"", ""value"": 0.935}, {""feature"": ""expected_pa"", ""value"": 4.01}]",0.72,103,1.0,120,120,True
MLB_824388,824388,2026-09-03,2026-09-03T17:10:00+00:00,543807,George Springer,TOR,CLE,141,114,676440,Progressive Field,3.0,projected,Tanner Bibee,True,0.12483868287185773,0.12240799224030652,4.0,2026-08-28,147.0,40.0,0.02754426106140323,80.0,0.02572448957351516,0.9516251820468686,0.8887539955741333,207.0,1.0011653757888697,1.0373151613808174,0.02894444323358253,4.54,0.0,0.07641600600714356,mlb-hr-v1,2026-09-04T00:56:25.191972+00:00,[],"[{""feature"": ""batter_hr_per_pa"", ""value"": 0.0275}, {""feature"": ""recent_hr_per_pa"", ""value"": 0.0257}, {""feature"": ""pitcher_hr_factor"", ""value"": 1.001}, {""feature"": ""venue_factor"", ""value"": 1.037}, {""feature"": ""expected_pa"", ""value"": 4.54}]",0.72,104,1.0,120,120,True
MLB_824632,824632,2026-09-03,2026-09-03T23:15:00+00:00,661388,William Contreras,MIL,CHC,158,112,592332,Wrigley Field,3.0,projected,Kevin Gausman,True,0.12483868287185773,0.11058109407777683,3.0,2026-08-29,163.0,37.0,0.020267957137249434,105.0,0.02049593478215029,0.7002365522696847,0.7081129395631306,186.0,0.9426178740937776,1.25,0.02894444323358253,4.54,0.0,0.07636549495943988,mlb-hr-v1,2026-09-04T00:56:25.191972+00:00,[],"[{""feature"": ""batter_hr_per_pa"", ""value"": 0.0203}, {""feature"": ""recent_hr_per_pa"", ""value"": 0.0205}, {""feature"": ""pitcher_hr_factor"", ""value"": 0.943}, {""feature"": ""venue_factor"", ""value"": 1.25}, {""feature"": ""expected_pa"", ""value"": 4.54}]",0.72,105,1.0,120,120,True
MLB_824796,824796,2026-09-03,2026-09-03T23:15:00+00:00,665750,Leody Taveras,BAL,BOS,110,111,687562,Oriole Park at Camden Yards,7.0,projected,Jake Bennett,True,0.11397576611867899,0.0895783751784196,6.0,2026-08-26,134.0,37.0,0.029663050373818865,92.0,0.02291818162004078,1.024827119127397,0.7917990142387733,144.0,0.7864912029068655,1.0274779415058002,0.02894444323358253,4.12,1.0,0.07616324404413885,mlb-hr-v1,2026-09-04T00:56:25.191972+00:00,[],"[{""feature"": ""batter_hr_per_pa"", ""value"": 0.0297}, {""feature"": ""recent_hr_per_pa"", ""value"": 0.0229}, {""feature"": ""pitcher_hr_factor"", ""value"": 0.786}, {""feature"": ""venue_factor"", ""value"": 1.027}, {""feature"": ""expected_pa"", ""value"": 4.12}]",0.72,106,1.0,120,120,True
MLB_823095,823095,2026-09-03,2026-09-04T01:40:00+00:00,622268,Donovan Walton,ATH,SEA,133,136,807739,T-Mobile Park,9.0,projected,Kade Anderson,True,0.10849384848563615,0.11650016068382774,7.0,2026-08-22,91.0,35.0,0.015976631056947528,60.0,0.01949999972057033,0.5519757601835915,0.6737044331170838,41.0,1.326719669375175,1.25,0.02894444323358253,3.91,0.0,0.07577505790116637,mlb-hr-v1,2026-09-04T00:56:25.191972+00:00,"[""low_pitcher_history""]","[{""feature"": ""batter_hr_per_pa"", ""value"": 0.016}, {""feature"": ""recent_hr_per_pa"", ""value"": 0.0195}, {""feature"": ""pitcher_hr_factor"", ""value"": 1.327}, {""feature"": ""venue_factor"", ""value"": 1.25}, {""feature"": ""expected_pa"", ""value"": 3.91}]",0.64,107,1.0,120,120,True
MLB_824632,824632,2026-09-03,2026-09-03T23:15:00+00:00,592885,Christian Yelich,MIL,CHC,158,112,592332,Wrigley Field,8.0,projected,Kevin Gausman,True,0.1112390338814383,0.13684651294007777,1.0,2026-09-01,137.0,34.0,0.029145671588229,83.0,0.03486138592281669,1.00695222751471,1.2044241321722535,186.0,0.9426178740937776,1.25,0.02894444323358253,4.015,0.0,0.07507064012590026,mlb-hr-v1,2026-09-04T00:56:25.191972+00:00,[],"[{""feature"": ""batter_hr_per_pa"", ""value"": 0.0291}, {""feature"": ""recent_hr_per_pa"", ""value"": 0.0349}, {""feature"": ""pitcher_hr_factor"", ""value"": 0.943}, {""feature"": ""venue_factor"", ""value"": 1.25}, {""feature"": ""expected_pa"", ""value"": 4.01}]",0.72,109,1.0,120,120,True
MLB_823095,823095,2026-09-03,2026-09-04T01:40:00+00:00,621493,Taylor Ward,SEA,ATH,136,133,678022,T-Mobile Park,5.0,projected,Jack Perkins,True,0.11942397515544967,0.0961590126430768,,,128.0,31.0,0.006215064498008518,74.0,0.005663043241353104,0.35,0.45,169.0,1.35,1.25,0.02894444323358253,4.33,1.0,0.0745337721203163,mlb-hr-v1,2026-09-04T00:56:25.191972+00:00,"[""no_hr_in_history_window""]","[{""feature"": ""batter_hr_per_pa"", ""value"": 0.0062}, {""feature"": ""recent_hr_per_pa"", ""value"": 0.0057}, {""feature"": ""pitcher_hr_factor"", ""value"": 1.35}, {""feature"": ""venue_factor"", ""value"": 1.25}, {""feature"": ""expected_pa"", ""value"": 4.33}]",0.64,110,1.0,120,120,True
MLB_822853,822853,2026-09-03,2026-09-04T00:05:00+00:00,676356,Jonny DeLuca,TB,TEX,139,140,615698,Globe Life Field,6.0,projected,Cal Quantrill,True,0.11670407122688953,0.07857506160998351,3.0,2026-08-30,113.0,32.0,0.027115239953887756,78.0,0.02626041643963006,0.9368029550634971,0.9072697038152612,152.0,0.75455247385481,0.9354791473586654,0.02894444323358253,4.225,0.0,0.07400716119563212,mlb-hr-v1,2026-09-04T00:56:25.191972+00:00,[],"[{""feature"": ""batter_hr_per_pa"", ""value"": 0.0271}, {""feature"": ""recent_hr_per_pa"", ""value"": 0.0263}, {""feature"": ""pitcher_hr_factor"", ""value"": 0.755}, {""feature"": ""venue_factor"", ""value"": 0.935}, {""feature"": ""expected_pa"", ""value"": 4.22}]",0.72,113,1.0,120,120,True
MLB_823337,823337,2026-09-03,2026-09-03T16:35:00+00:00,806367,Turner Hill,SF,PIT,137,134,669199,PNC Park,6.0,projected,Lake Bachar,True,0.11670407122688953,0.06092038587333304,,,52.0,15.0,0.01164431624339527,52.0,0.00744285683149265,0.4022988505747126,0.45,98.0,1.35,0.75,0.02894444323358253,4.225,0.0,0.07311794424034633,mlb-hr-v1,2026-09-04T00:56:25.191972+00:00,"[""no_hr_in_history_window""]","[{""feature"": ""batter_hr_per_pa"", ""value"": 0.0116}, {""feature"": ""recent_hr_per_pa"", ""value"": 0.0074}, {""feature"": ""pitcher_hr_factor"", ""value"": 1.35}, {""feature"": ""venue_factor"", ""value"": 0.75}, {""feature"": ""expected_pa"", ""value"": 4.22}]",0.64,114,1.0,120,120,True
MLB_824069,824069,2026-09-03,2026-09-03T23:40:00+00:00,669364,Xavier Edwards,MIA,KC,146,118,608379,Kauffman Stadium,3.0,projected,Michael Wacha,True,0.12483868287185773,0.08567764218442164,,,153.0,37.0,0.005388593155188236,94.0,0.004651785519682906,0.35,0.45,199.0,1.3171785502666402,1.08449605597277,0.02894444323358253,4.54,0.0,0.07172944433774582,mlb-hr-v1,2026-09-04T00:56:25.191972+00:00,"[""no_hr_in_history_window""]","[{""feature"": ""batter_hr_per_pa"", ""value"": 0.0054}, {""feature"": ""recent_hr_per_pa"", ""value"": 0.0047}, {""feature"": ""pitcher_hr_factor"", ""value"": 1.317}, {""feature"": ""venue_factor"", ""value"": 1.084}, {""feature"": ""expected_pa"", ""value"": 4.54}]",0.64,117,1.0,120,120,True
MLB_824144,824144,2026-09-03,2026-09-03T18:10:00+00:00,805367,Chase Meidroth,CWS,HOU,145,117,686613,Daikin Park,8.0,projected,Hunter Brown,True,0.1112390338814383,0.12280759789281182,19.0,2026-08-12,161.0,38.0,0.0306788546590581,101.0,0.029588235110962063,1.0599220863044012,1.0222423306672066,163.0,1.0468496582483782,1.017418829453151,0.02894444323358253,4.015,0.0,0.07109724437869369,mlb-hr-v1,2026-09-04T00:56:25.191972+00:00,[],"[{""feature"": ""batter_hr_per_pa"", ""value"": 0.0307}, {""feature"": ""recent_hr_per_pa"", ""value"": 0.0296}, {""feature"": ""pitcher_hr_factor"", ""value"": 1.047}, {""feature"": ""venue_factor"", ""value"": 1.017}, {""feature"": ""expected_pa"", ""value"": 4.01}]",0.72,118,1.0,120,120,True
MLB_824796,824796,2026-09-03,2026-09-03T23:15:00+00:00,681297,Colton Cowser,BAL,BOS,110,111,687562,Oriole Park at Camden Yards,8.0,projected,Jake Bennett,True,0.1112390338814383,0.14234537026480532,4.0,2026-08-29,99.0,36.0,0.044873548605786476,73.0,0.06067032943081852,1.5503337978780793,2.096095922150139,144.0,0.7864912029068655,1.0274779415058002,0.02894444323358253,4.015,1.0,0.06980386477625478,mlb-hr-v1,2026-09-04T00:56:25.191972+00:00,[],"[{""feature"": ""batter_hr_per_pa"", ""value"": 0.0449}, {""feature"": ""recent_hr_per_pa"", ""value"": 0.0607}, {""feature"": ""pitcher_hr_factor"", ""value"": 0.786}, {""feature"": ""venue_factor"", ""value"": 1.027}, {""feature"": ""expected_pa"", ""value"": 4.01}]",0.72,119,1.0,120,120,True
MLB_824388,824388,2026-09-03,2026-09-03T17:10:00+00:00,660821,Jesús Sánchez,TOR,CLE,141,114,676440,Progressive Field,6.0,projected,Tanner Bibee,True,0.11670407122688953,0.08842664929006028,17.0,2026-08-05,56.0,22.0,0.0221214891557735,44.0,0.008403225454911057,0.7642741294849729,0.45,207.0,1.0011653757888697,1.0373151613808174,0.02894444323358253,4.225,0.0,0.06944425386087813,mlb-hr-v1,2026-09-04T00:56:25.191972+00:00,[],"[{""feature"": ""batter_hr_per_pa"", ""value"": 0.0221}, {""feature"": ""recent_hr_per_pa"", ""value"": 0.0084}, {""feature"": ""pitcher_hr_factor"", ""value"": 1.001}, {""feature"": ""venue_factor"", ""value"": 1.037}, {""feature"": ""expected_pa"", ""value"": 4.22}]",0.72,122,1.0,120,120,True
MLB_824144,824144,2026-09-03,2026-09-03T18:10:00+00:00,701358,Cam Smith,HOU,CWS,117,145,622491,Daikin Park,8.0,projected,Luis Castillo,True,0.1112390338814383,0.2059343357867338,13.0,2026-08-18,117.0,37.0,0.03955957574457492,72.0,0.050233333091160945,1.3667416376030437,1.7355087014725568,156.0,1.35,1.017418829453151,0.02894444323358253,4.015,1.0,0.06817003811600934,mlb-hr-v1,2026-09-04T00:56:25.191972+00:00,[],"[{""feature"": ""batter_hr_per_pa"", ""value"": 0.0396}, {""feature"": ""recent_hr_per_pa"", ""value"": 0.0502}, {""feature"": ""pitcher_hr_factor"", ""value"": 1.35}, {""feature"": ""venue_factor"", ""value"": 1.017}, {""feature"": ""expected_pa"", ""value"": 4.01}]",0.72,123,1.0,120,120,True
MLB_824069,824069,2026-09-03,2026-09-03T23:40:00+00:00,691788,Joe Mack,MIA,KC,146,118,608379,Kauffman Stadium,9.0,projected,Michael Wacha,True,0.10849384848563615,0.1910663234514477,11.0,2026-08-15,96.0,31.0,0.045901187123476246,57.0,0.02027999970939314,1.5858376253104018,0.7006526104417671,199.0,1.3171785502666402,1.08449605597277,0.02894444323358253,3.91,0.0,0.06713973396157713,mlb-hr-v1,2026-09-04T00:56:25.191972+00:00,[],"[{""feature"": ""batter_hr_per_pa"", ""value"": 0.0459}, {""feature"": ""recent_hr_per_pa"", ""value"": 0.0203}, {""feature"": ""pitcher_hr_factor"", ""value"": 1.317}, {""feature"": ""venue_factor"", ""value"": 1.084}, {""feature"": ""expected_pa"", ""value"": 3.91}]",0.72,127,1.0,120,120,True
MLB_823907,823907,2026-09-03,2026-09-04T02:10:00+00:00,671056,Iván Herrera,STL,LAD,138,119,669373,UNIQLO Field at Dodger Stadium,2.0,projected,Tarik Skubal,True,0.12753353815992297,0.07102666969929472,15.0,2026-08-17,183.0,41.0,0.018408511528327468,115.0,0.018954887054169065,0.6359946667403559,0.6548713651598878,174.0,0.72,1.0859683250546044,0.02894444323358253,4.645,0.0,0.0657305002793576,mlb-hr-v1,2026-09-04T00:56:25.191972+00:00,[],"[{""feature"": ""batter_hr_per_pa"", ""value"": 0.0184}, {""feature"": ""recent_hr_per_pa"", ""value"": 0.019}, {""feature"": ""pitcher_hr_factor"", ""value"": 0.72}, {""feature"": ""venue_factor"", ""value"": 1.086}, {""feature"": ""expected_pa"", ""value"": 4.64}]",0.72,128,1.0,120,120,True
MLB_822853,822853,2026-09-03,2026-09-04T00:05:00+00:00,666018,Jonathan Aranda,TB,TEX,139,140,615698,Globe Life Field,2.0,projected,Cal Quantrill,True,0.12753353815992297,0.07486763996820056,3.0,2026-08-29,167.0,38.0,0.019866611451363307,103.0,0.02909917337359079,0.6863704819277108,1.005345763218162,152.0,0.75455247385481,0.9354791473586654,0.02894444323358253,4.645,0.0,0.0645308720979067,mlb-hr-v1,2026-09-04T00:56:25.191972+00:00,[],"[{""feature"": ""batter_hr_per_pa"", ""value"": 0.0199}, {""feature"": ""recent_hr_per_pa"", ""value"": 0.0291}, {""feature"": ""pitcher_hr_factor"", ""value"": 0.755}, {""feature"": ""venue_factor"", ""value"": 0.935}, {""feature"": ""expected_pa"", ""value"": 4.64}]",0.72,132,1.0,120,120,True
MLB_824144,824144,2026-09-03,2026-09-03T18:10:00+00:00,673237,Yainer Diaz,HOU,CWS,117,145,622491,Daikin Park,9.0,projected,Luis Castillo,True,0.10849384848563615,0.1815059940739907,4.0,2026-08-25,95.0,30.0,0.03856196548596452,53.0,0.03550704194654205,1.3322752548656163,1.2267308671304937,156.0,1.35,1.017418829453151,0.02894444323358253,3.91,1.0,0.06417306536573361,mlb-hr-v1,2026-09-04T00:56:25.191972+00:00,[],"[{""feature"": ""batter_hr_per_pa"", ""value"": 0.0386}, {""feature"": ""recent_hr_per_pa"", ""value"": 0.0355}, {""feature"": ""pitcher_hr_factor"", ""value"": 1.35}, {""feature"": ""venue_factor"", ""value"": 1.017}, {""feature"": ""expected_pa"", ""value"": 3.91}]",0.72,133,1.0,120,120,True
MLB_824144,824144,2026-09-03,2026-09-03T18:10:00+00:00,671976,Tristan Peters,CWS,HOU,145,117,686613,Daikin Park,9.0,projected,Hunter Brown,True,0.10849384848563615,0.17557431183648342,6.0,2026-08-26,135.0,40.0,0.04125326772456111,83.0,0.0645643562198464,1.4252569099929129,2.2306304425623287,163.0,1.0468496582483782,1.017418829453151,0.02894444323358253,3.91,0.0,0.06382352973604644,mlb-hr-v1,2026-09-04T00:56:25.191972+00:00,[],"[{""feature"": ""batter_hr_per_pa"", ""value"": 0.0413}, {""feature"": ""recent_hr_per_pa"", ""value"": 0.0646}, {""feature"": ""pitcher_hr_factor"", ""value"": 1.047}, {""feature"": ""venue_factor"", ""value"": 1.017}, {""feature"": ""expected_pa"", ""value"": 3.91}]",0.72,135,1.0,120,120,True
MLB_824388,824388,2026-09-03,2026-09-03T17:10:00+00:00,676391,Ernie Clement,TOR,CLE,141,114,676440,Progressive Field,8.0,projected,Tanner Bibee,True,0.1112390338814383,0.05679579155495129,24.0,2026-08-05,156.0,40.0,0.010539557660604128,91.0,0.004779816313802619,0.3641306061944112,0.45,207.0,1.0011653757888697,1.0373151613808174,0.02894444323358253,4.015,0.0,0.05253952731013282,mlb-hr-v1,2026-09-04T00:56:25.191972+00:00,[],"[{""feature"": ""batter_hr_per_pa"", ""value"": 0.0105}, {""feature"": ""recent_hr_per_pa"", ""value"": 0.0048}, {""feature"": ""pitcher_hr_factor"", ""value"": 1.001}, {""feature"": ""venue_factor"", ""value"": 1.037}, {""feature"": ""expected_pa"", ""value"": 4.01}]",0.72,160,1.0,120,120,True
