game_id,game_date,week,home_team,away_team,home_score,away_score,predicted_spread,home_win_probability,confidence,model_disagreement,home_win,actual_margin,predicted_margin,predicted_home_win,correct_winner
2025_01_DAL_PHI,2025-09-04,1,PHI,DAL,24,20,-4.951684766569101,0.7204927881638135,0.4409855763276269,0.22879524915263638,1,4,4.951684766569101,1,True
2025_01_KC_LAC,2025-09-05,1,LAC,KC,27,21,-4.951684766569101,0.7204927881638135,0.4409855763276269,0.22879524915263638,1,6,4.951684766569101,1,True
2025_01_ARI_NO,2025-09-07,1,NO,ARI,13,20,-4.951684766569101,0.7204927881638135,0.4409855763276269,0.22879524915263638,0,-7,4.951684766569101,1,False
2025_01_BAL_BUF,2025-09-07,1,BUF,BAL,41,40,-4.951684766569101,0.7204927881638135,0.4409855763276269,0.22879524915263638,1,1,4.951684766569101,1,True
2025_01_CAR_JAX,2025-09-07,1,JAX,CAR,26,10,-4.951684766569101,0.7204927881638135,0.4409855763276269,0.22879524915263638,1,16,4.951684766569101,1,True
2025_01_CIN_CLE,2025-09-07,1,CLE,CIN,16,17,-4.951684766569101,0.7204927881638135,0.4409855763276269,0.22879524915263638,0,-1,4.951684766569101,1,False
2025_01_DET_GB,2025-09-07,1,GB,DET,27,13,-4.951684766569101,0.7204927881638135,0.4409855763276269,0.22879524915263638,1,14,4.951684766569101,1,True
2025_01_HOU_LA,2025-09-07,1,LA,HOU,14,9,-4.951684766569101,0.7204927881638135,0.4409855763276269,0.22879524915263638,1,5,4.951684766569101,1,True
2025_01_LV_NE,2025-09-07,1,NE,LV,13,20,-4.951684766569101,0.7204927881638135,0.4409855763276269,0.22879524915263638,0,-7,4.951684766569101,1,False
2025_01_MIA_IND,2025-09-07,1,IND,MIA,33,8,-4.951684766569101,0.7204927881638135,0.4409855763276269,0.22879524915263638,1,25,4.951684766569101,1,True
2025_01_NYG_WAS,2025-09-07,1,WAS,NYG,21,6,-4.951684766569101,0.7204927881638135,0.4409855763276269,0.22879524915263638,1,15,4.951684766569101,1,True
2025_01_PIT_NYJ,2025-09-07,1,NYJ,PIT,32,34,-4.951684766569101,0.7204927881638135,0.4409855763276269,0.22879524915263638,0,-2,4.951684766569101,1,False
2025_01_SF_SEA,2025-09-07,1,SEA,SF,13,17,-4.951684766569101,0.7204927881638135,0.4409855763276269,0.22879524915263638,0,-4,4.951684766569101,1,False
2025_01_TB_ATL,2025-09-07,1,ATL,TB,20,23,-4.951684766569101,0.7204927881638135,0.4409855763276269,0.22879524915263638,0,-3,4.951684766569101,1,False
2025_01_TEN_DEN,2025-09-07,1,DEN,TEN,20,12,-4.951684766569101,0.7204927881638135,0.4409855763276269,0.22879524915263638,1,8,4.951684766569101,1,True
2025_01_MIN_CHI,2025-09-08,1,CHI,MIN,24,27,-4.951684766569101,0.7204927881638135,0.4409855763276269,0.22879524915263638,0,-3,4.951684766569101,1,False
2025_02_WAS_GB,2025-09-11,2,GB,WAS,27,18,-1.3441056604102781,0.5358682454560644,0.07173649091212875,0.06934325647161255,1,9,1.3441056604102781,1,True
2025_02_ATL_MIN,2025-09-14,2,MIN,ATL,6,22,-0.6383813025400801,0.5473851241993962,0.09477024839879244,0.04254242752468529,0,-16,0.6383813025400801,1,False
2025_02_BUF_NYJ,2025-09-14,2,NYJ,BUF,10,30,-5.077665556985386,0.7289481606806022,0.4578963213612044,0.19823861702592738,0,-20,5.077665556985386,1,False
2025_02_CAR_ARI,2025-09-14,2,ARI,CAR,27,22,-3.087668383161373,0.6807681729083593,0.3615363458167187,0.022915838264770727,1,5,3.087668383161373,1,True
2025_02_CHI_DET,2025-09-14,2,DET,CHI,52,21,-2.540688565736594,0.5964151046822277,0.19283020936445538,0.13242840771646436,1,31,2.540688565736594,1,True
2025_02_CLE_BAL,2025-09-14,2,BAL,CLE,41,17,-3.521253328463774,0.6563489256000252,0.31269785120005045,0.14220435815922805,1,24,3.521253328463774,1,True
2025_02_DEN_IND,2025-09-14,2,IND,DEN,29,28,0.48848384154235513,0.4963660230684185,0.007267953863163035,0.11879214516498943,1,1,-0.48848384154235513,0,False
2025_02_JAX_CIN,2025-09-14,2,CIN,JAX,31,27,-1.972051335751436,0.5595452828454514,0.1190905656909027,0.12452106093884291,1,4,1.972051335751436,1,True
2025_02_LA_TEN,2025-09-14,2,TEN,LA,19,33,-3.765209043956087,0.6570565283281324,0.3141130566562649,0.24490449714032997,0,-14,3.765209043956087,1,False
2025_02_NE_MIA,2025-09-14,2,MIA,NE,27,33,-4.0924340196249815,0.6819216815473014,0.36384336309460275,0.1752738211896956,0,-6,4.0924340196249815,1,False
2025_02_NYG_DAL,2025-09-14,2,DAL,NYG,40,37,-2.0199799277623818,0.6446098360795577,0.28921967215911537,0.03554110863657023,1,3,2.0199799277623818,1,True
2025_02_PHI_KC,2025-09-14,2,KC,PHI,17,20,-4.8237310070899575,0.7139722759982633,0.4279445519965266,0.2454277734222392,0,-3,4.8237310070899575,1,False
2025_02_SEA_PIT,2025-09-14,2,PIT,SEA,17,31,1.3543963935803887,0.4502937640352819,0.09941247192943625,0.18690933543904853,0,-14,-1.3543963935803887,0,True
2025_02_SF_NO,2025-09-14,2,NO,SF,21,26,-3.517897083104497,0.6426410947285337,0.2852821894570674,0.2302477600472726,0,-5,3.517897083104497,1,False
2025_02_LAC_LV,2025-09-15,2,LV,LAC,9,20,-2.1317367220137866,0.5786103309042563,0.15722066180851257,0.1019836997871778,0,-11,2.1317367220137866,1,False
2025_02_TB_HOU,2025-09-15,2,HOU,TB,19,20,-6.3628823601824545,0.7796805386244147,0.5593610772488293,0.2478695750872767,0,-1,6.3628823601824545,1,False
2025_03_MIA_BUF,2025-09-18,3,BUF,MIA,31,21,-0.3521108484890993,0.5423993238111009,0.0847986476222018,0.07602403930177604,1,10,0.3521108484890993,1,True
2025_03_ARI_SF,2025-09-21,3,SF,ARI,16,15,-3.7669286386344347,0.6586833923977893,0.31736678479557856,0.20989203016028513,1,1,3.7669286386344347,1,True
2025_03_ATL_CAR,2025-09-21,3,CAR,ATL,30,0,-3.2045359263479676,0.6276544928258021,0.2553089856516042,0.18546987049681318,1,30,3.2045359263479676,1,True
2025_03_CIN_MIN,2025-09-21,3,MIN,CIN,48,10,-6.1900935654858715,0.7762968986355965,0.552593797271193,0.30471653238815233,1,38,6.1900935654858715,1,True
2025_03_DAL_CHI,2025-09-21,3,CHI,DAL,31,14,-5.656919861899279,0.7558393012603526,0.5116786025207052,0.3014688722078557,1,17,5.656919861899279,1,True
2025_03_DEN_LAC,2025-09-21,3,LAC,DEN,23,20,2.766218174340299,0.3608106570454168,0.27837868590916637,0.26789699517481796,1,3,-2.766218174340299,0,False
2025_03_GB_CLE,2025-09-21,3,CLE,GB,13,10,-3.138812342826767,0.6225010290280409,0.24500205805608188,0.19241533143125544,1,3,3.138812342826767,1,True
2025_03_HOU_JAX,2025-09-21,3,JAX,HOU,17,10,-2.981526507767611,0.6502973748094663,0.3005947496189325,0.0676575982327089,1,7,2.981526507767611,1,True
2025_03_IND_TEN,2025-09-21,3,TEN,IND,20,41,-2.5690808448825018,0.5880141646871728,0.17602832937434565,0.17549749997836356,0,-21,2.5690808448825018,1,False
2025_03_KC_NYG,2025-09-21,3,NYG,KC,9,22,-0.5081251823130836,0.47728216908705845,0.0454356618258831,0.06185894343644599,0,-13,0.5081251823130836,0,True
2025_03_LA_PHI,2025-09-21,3,PHI,LA,33,26,-1.4746354316541053,0.5229731332037549,0.04594626640750987,0.12717804916944686,1,7,1.4746354316541053,1,True
2025_03_LV_WAS,2025-09-21,3,WAS,LV,41,24,0.05388917933202484,0.5048365353640574,0.009673070728114741,0.060739322379856575,1,17,-0.05388917933202484,1,True
2025_03_NO_SEA,2025-09-21,3,SEA,NO,44,13,-1.5265739266833451,0.5943152398925287,0.18863047978505731,0.010152712141586084,1,31,1.5265739266833451,1,True
2025_03_NYJ_TB,2025-09-21,3,TB,NYJ,29,27,1.0462248996828152,0.47588980774880973,0.04822038450238053,0.22208586540699693,1,2,-1.0462248996828152,0,False
2025_03_PIT_NE,2025-09-21,3,NE,PIT,14,21,0.7826473062417947,0.4653695873729613,0.0692608252540774,0.09318789492282531,0,-7,-0.7826473062417947,0,True
2025_03_DET_BAL,2025-09-22,3,BAL,DET,30,38,-1.9552247802409584,0.5471389628799632,0.09427792575992644,0.16756938459458004,0,-8,1.9552247802409584,1,False
2025_04_SEA_ARI,2025-09-25,4,ARI,SEA,20,23,4.290472650237184,0.27860929436894977,0.44278141126210047,0.24042406838446026,0,-3,-4.290472650237184,0,True
2025_04_BAL_KC,2025-09-28,4,KC,BAL,37,20,-4.586573603954244,0.7033168570070443,0.40663371401408854,0.21297357618831358,1,17,4.586573603954244,1,True
2025_04_CAR_NE,2025-09-28,4,NE,CAR,42,13,-9.23178138395921,0.8437205463098729,0.6874410926197458,0.3652397077590839,1,29,9.23178138395921,1,True
2025_04_CHI_LV,2025-09-28,4,LV,CHI,24,25,-1.9864948480897577,0.5713726878612664,0.14274537572253276,0.0943488837283748,0,-1,1.9864948480897577,1,False
2025_04_CLE_DET,2025-09-28,4,DET,CLE,34,10,-3.2294639120923727,0.710448781356222,0.42089756271244405,0.01028348285097469,1,24,3.2294639120923727,1,True
2025_04_GB_DAL,2025-09-28,4,DAL,GB,40,40,-1.1164972204777335,0.5354820455338344,0.07096409106766877,0.037096446695496055,0,0,1.1164972204777335,1,False
2025_04_IND_LA,2025-09-28,4,LA,IND,27,20,-7.295719565510405,0.7828116028724377,0.5656232057448753,0.42683152549519093,1,7,7.295719565510405,1,True
2025_04_JAX_SF,2025-09-28,4,SF,JAX,21,26,0.07329469156676974,0.4710644263802435,0.05787114723951303,0.00346999882247756,0,-5,-0.07329469156676974,0,True
2025_04_LAC_NYG,2025-09-28,4,NYG,LAC,21,18,-5.737830795222826,0.7563280292849428,0.5126560585698856,0.2706106088743908,1,3,5.737830795222826,1,True
2025_04_MIN_PIT,2025-09-28,4,PIT,MIN,24,21,0.6689260588851933,0.4771448984510524,0.0457102030978952,0.1020724182795239,1,3,-0.6689260588851933,0,False
2025_04_NO_BUF,2025-09-28,4,BUF,NO,31,19,-2.635953431618592,0.6907683868286741,0.3815367736573483,0.04259198227978389,1,12,2.635953431618592,1,True
2025_04_PHI_TB,2025-09-28,4,TB,PHI,25,31,-3.531982101946826,0.6433182369234213,0.28663647384684254,0.2511073066432299,0,-6,3.531982101946826,1,False
2025_04_TEN_HOU,2025-09-28,4,HOU,TEN,26,0,-0.14477154616996532,0.5027117738729584,0.005423547745916801,0.028719524256574203,1,26,0.14477154616996532,1,True
2025_04_WAS_ATL,2025-09-28,4,ATL,WAS,34,27,1.3075819337834071,0.4268991465295044,0.14620170694099122,0.09126770131535084,1,7,-1.3075819337834071,0,False
2025_04_CIN_DEN,2025-09-29,4,DEN,CIN,28,3,-1.6262330771195022,0.5947710988337009,0.18954219766740188,0.00047196540318372726,1,25,1.6262330771195022,1,True
2025_04_NYJ_MIA,2025-09-29,4,MIA,NYJ,27,21,-2.4136893575465628,0.5913923188327359,0.18278463766547182,0.12093273767846835,1,6,2.4136893575465628,1,True
2025_05_SF_LA,2025-10-02,5,LA,SF,23,26,-0.7274099154375133,0.5658098796066642,0.13161975921332836,0.06581544781550008,0,-3,0.7274099154375133,1,False
2025_05_DAL_NYJ,2025-10-05,5,NYJ,DAL,22,37,-5.503854799872895,0.7409812278535137,0.48196245570702745,0.3347373968404154,0,-15,5.503854799872895,1,False
2025_05_DEN_PHI,2025-10-05,5,PHI,DEN,17,21,1.6844834807526006,0.4254246216393045,0.149150756721391,0.17523115297616926,0,-4,-1.6844834807526006,0,True
2025_05_DET_CIN,2025-10-05,5,CIN,DET,24,37,-4.017208279474997,0.672469703756716,0.344939407513432,0.27113246633907073,0,-13,4.017208279474997,1,False
2025_05_HOU_BAL,2025-10-05,5,BAL,HOU,10,44,-8.760716849478227,0.8466819377526109,0.6933638755052218,0.2427531885246662,0,-34,8.760716849478227,1,False
2025_05_LV_IND,2025-10-05,5,IND,LV,40,6,-5.26946228609156,0.7560105817513358,0.5120211635026717,0.11835767086768867,1,34,5.26946228609156,1,True
2025_05_MIA_CAR,2025-10-05,5,CAR,MIA,27,24,-2.2915383427477165,0.6126088076146878,0.22521761522937567,0.050672617144411514,1,3,2.2915383427477165,1,True
2025_05_MIN_CLE,2025-10-05,5,CLE,MIN,17,21,0.21402440409284262,0.46053651702646037,0.07892696594707926,0.0034238232717412886,0,-4,-0.21402440409284262,0,True
2025_05_NE_BUF,2025-10-05,5,BUF,NE,20,23,1.9448945758210439,0.40636136037082266,0.1872772792583547,0.16773341571020067,0,-3,-1.9448945758210439,0,True
2025_05_NYG_NO,2025-10-05,5,NO,NYG,26,14,-4.085171391192212,0.6776669560006603,0.3553339120013206,0.20131805691828386,1,12,4.085171391192212,1,True
2025_05_TB_SEA,2025-10-05,5,SEA,TB,35,38,-2.18083954000336,0.6320320138564142,0.26406402771282833,0.0037570736867504895,0,-3,2.18083954000336,1,False
2025_05_TEN_ARI,2025-10-05,5,ARI,TEN,21,22,-2.652984386250393,0.6374676208205912,0.2749352416411823,0.05000868988863605,0,-1,2.652984386250393,1,False
2025_05_WAS_LAC,2025-10-05,5,LAC,WAS,10,27,-0.8756383212025435,0.548699549244878,0.09739909848975592,0.013985707097211031,0,-17,0.8756383212025435,1,False
2025_05_KC_JAX,2025-10-06,5,JAX,KC,31,28,-1.7021827623523091,0.5379220987327353,0.07584419746547066,0.13222046155773887,1,3,1.7021827623523091,1,True
2025_06_PHI_NYG,2025-10-09,6,NYG,PHI,34,17,-3.300991125078645,0.6318328569903273,0.26366571398065464,0.1988052183989717,1,17,3.300991125078645,1,True
2025_06_ARI_IND,2025-10-12,6,IND,ARI,31,27,-1.937702429784886,0.6151906161395083,0.23038123227901663,0.003389931288251047,1,4,1.937702429784886,1,True
2025_06_CIN_GB,2025-10-12,6,GB,CIN,27,18,-4.067810771118597,0.7278781111859878,0.45575622237197555,0.04329212976225827,1,9,4.067810771118597,1,True
2025_06_CLE_PIT,2025-10-12,6,PIT,CLE,23,9,-1.2895614638876802,0.6308292700083911,0.2616585400167821,0.12464455314566614,1,14,1.2895614638876802,1,True
2025_06_DAL_CAR,2025-10-12,6,CAR,DAL,30,27,-5.3495395350944985,0.7566293805046327,0.5132587610092654,0.1276337711226775,1,3,5.3495395350944985,1,True
2025_06_DEN_NYJ,2025-10-12,6,NYJ,DEN,11,13,-2.24167484694259,0.55609235233963,0.1121847046792599,0.33034068093185265,0,-2,2.24167484694259,1,False
2025_06_DET_KC,2025-10-12,6,KC,DET,30,17,2.813159937606315,0.35790002106625435,0.2841999578674913,0.2186024585007706,1,13,-2.813159937606315,0,False
2025_06_LAC_MIA,2025-10-12,6,MIA,LAC,27,29,-3.1645140045039364,0.6209616291653764,0.2419232583307529,0.25999897825791646,0,-2,3.1645140045039364,1,False
2025_06_LA_BAL,2025-10-12,6,BAL,LA,3,17,-1.4198734527634822,0.5017322752658612,0.0034645505317223435,0.2181430005830301,0,-14,1.4198734527634822,1,False
2025_06_NE_NO,2025-10-12,6,NO,NE,19,25,-2.7673692498995868,0.5951186849336537,0.19023736986730744,0.23439129254512753,0,-6,2.7673692498995868,1,False
2025_06_SEA_JAX,2025-10-12,6,JAX,SEA,12,20,-8.276441007340683,0.8114057099422289,0.6228114198844579,0.41555309169467575,0,-8,8.276441007340683,1,False
2025_06_SF_TB,2025-10-12,6,TB,SF,30,19,-6.3571255222365926,0.7824126557588739,0.5648253115177477,0.29090034272317733,1,11,6.3571255222365926,1,True
2025_06_TEN_LV,2025-10-12,6,LV,TEN,20,10,-0.38320186572062,0.5384149890355644,0.07682997807112879,0.06245165077738779,1,10,0.38320186572062,1,True
2025_06_BUF_ATL,2025-10-13,6,ATL,BUF,24,14,-6.244152247819554,0.7774330286707417,0.5548660573414834,0.2838858353811198,1,10,6.244152247819554,1,True
2025_06_CHI_WAS,2025-10-13,6,WAS,CHI,24,25,-4.390568294761163,0.6991214291939191,0.39824285838783813,0.16984887680678484,0,-1,4.390568294761163,1,False
2025_07_PIT_CIN,2025-10-16,7,CIN,PIT,33,31,-2.209735195867764,0.5729224016619541,0.14584480332390815,0.1353142322494596,1,2,2.209735195867764,1,True
2025_07_ATL_SF,2025-10-19,7,SF,ATL,20,10,-8.180134711157244,0.8358766485181217,0.6717532970362434,0.3086011043500496,1,10,8.180134711157244,1,True
2025_07_CAR_NYJ,2025-10-19,7,NYJ,CAR,6,13,-0.1417481961605671,0.43396924144312526,0.13206151711374947,0.09813739347103212,0,-7,0.1417481961605671,0,True
2025_07_GB_ARI,2025-10-19,7,ARI,GB,23,27,-7.636516487486866,0.7872799385488242,0.5745598770976483,0.447576610454469,0,-4,7.636516487486866,1,False
2025_07_IND_LAC,2025-10-19,7,LAC,IND,24,38,-7.209636732910696,0.787531143578658,0.5750622871573161,0.39769907764532564,0,-14,7.209636732910696,1,False
2025_07_LA_JAX,2025-10-19,7,JAX,LA,7,35,-1.0671996439384033,0.5371688383244629,0.07433767664892588,0.027627214184055116,0,-28,1.0671996439384033,1,False
2025_07_LV_KC,2025-10-19,7,KC,LV,31,0,-4.756915343848837,0.844184449732304,0.688368899464608,0.10705483937101123,1,31,4.756915343848837,1,True
2025_07_MIA_CLE,2025-10-19,7,CLE,MIA,31,6,-7.91044623051149,0.8300608352540266,0.6601216705080533,0.2903524176003388,1,25,7.91044623051149,1,True
2025_07_NE_TEN,2025-10-19,7,TEN,NE,13,31,0.43308123235191825,0.47919837292845213,0.041603254143095736,0.0660937966024418,0,-18,-0.43308123235191825,0,True
2025_07_NO_CHI,2025-10-19,7,CHI,NO,26,14,-0.7017431824796314,0.5062837818153175,0.012567563630635048,0.03407854075620964,1,12,0.7017431824796314,1,True
2025_07_NYG_DEN,2025-10-19,7,DEN,NYG,33,32,-3.343620718225955,0.6512268673199572,0.3024537346399143,0.12296372781743292,1,1,3.343620718225955,1,True
2025_07_PHI_MIN,2025-10-19,7,MIN,PHI,22,28,-3.625588479182576,0.7147593788749713,0.42951875774994264,0.021402382366221162,0,-6,3.625588479182576,1,False
2025_07_WAS_DAL,2025-10-19,7,DAL,WAS,44,22,-1.0333930437778047,0.5477845053936934,0.09556901078738678,0.0059450886398895175,1,22,1.0333930437778047,1,True
2025_07_HOU_SEA,2025-10-20,7,SEA,HOU,27,19,-10.842297243935162,0.8504471747291614,0.7008943494583229,0.43381711251014665,1,8,10.842297243935162,1,True
2025_07_TB_DET,2025-10-20,7,DET,TB,24,9,-7.721806370710149,0.8230861258069408,0.6461722516138817,0.2687696894596714,1,15,7.721806370710149,1,True
2025_08_MIN_LAC,2025-10-23,8,LAC,MIN,37,10,-4.610966761508941,0.7044815482696873,0.4089630965393747,0.21400545155259776,1,27,4.610966761508941,1,True
2025_08_BUF_CAR,2025-10-26,8,CAR,BUF,9,40,-7.96683992358228,0.7812723365352336,0.5625446730704673,0.5061489468341118,0,-31,7.96683992358228,1,False
2025_08_CHI_BAL,2025-10-26,8,BAL,CHI,30,16,-1.3005713570959965,0.5567517716088786,0.11350354321775713,0.023574955024366906,1,14,1.3005713570959965,1,True
2025_08_CLE_NE,2025-10-26,8,NE,CLE,32,13,-5.631618986435476,0.7950796093937749,0.5901592187875497,0.061762123213720765,1,19,5.631618986435476,1,True
2025_08_DAL_DEN,2025-10-26,8,DEN,DAL,44,24,-2.53231649493388,0.6254336218259722,0.25086724365194435,0.057793568868934164,1,20,2.53231649493388,1,True
2025_08_GB_PIT,2025-10-26,8,PIT,GB,25,35,-7.545460738608885,0.8151987995351024,0.6303975990702049,0.3258864455031697,0,-10,7.545460738608885,1,False
2025_08_MIA_ATL,2025-10-26,8,ATL,MIA,10,34,-1.1123117978049764,0.5810144035476986,0.16202880709539724,0.03944419899819129,0,-24,1.1123117978049764,1,False
2025_08_NYG_PHI,2025-10-26,8,PHI,NYG,38,20,-5.757601161007256,0.7566646236559804,0.5133292473119608,0.2247486728739191,1,18,5.757601161007256,1,True
2025_08_NYJ_CIN,2025-10-26,8,CIN,NYJ,38,39,-3.860442710602709,0.6860313364951673,0.3720626729903347,0.1110853088687751,0,-1,3.860442710602709,1,False
2025_08_SF_HOU,2025-10-26,8,HOU,SF,26,15,-3.7536547711593107,0.6775121688213779,0.35502433764275576,0.11786006786326286,1,11,3.7536547711593107,1,True
2025_08_TB_NO,2025-10-26,8,NO,TB,3,23,-2.9210383121473162,0.6085451312839505,0.21709026256790098,0.19251686067069995,0,-20,2.9210383121473162,1,False
2025_08_TEN_IND,2025-10-26,8,IND,TEN,38,14,-12.12681905355263,0.8969867346213665,0.7939734692427329,0.18544030406028178,1,24,12.12681905355263,1,True
2025_08_WAS_KC,2025-10-27,8,KC,WAS,28,7,-4.654208256895342,0.7323626372877403,0.46472527457548063,0.10181386860922514,1,21,4.654208256895342,1,True
2025_09_BAL_MIA,2025-10-30,9,MIA,BAL,6,28,-6.69424801587688,0.7913989554081083,0.5827979108162167,0.23441701572092366,0,-22,6.69424801587688,1,False
2025_09_ATL_NE,2025-11-02,9,NE,ATL,24,23,-8.66087504597365,0.8446609022812023,0.6893218045624045,0.2505537828663861,1,1,8.66087504597365,1,True
2025_09_CAR_GB,2025-11-02,9,GB,CAR,13,16,0.5795650277295082,0.5053927537293733,0.010785507458746624,0.18203443746245213,0,-3,-0.5795650277295082,1,False
2025_09_CHI_CIN,2025-11-02,9,CIN,CHI,42,47,-1.5678706616241451,0.5305558031858816,0.06111160637176316,0.12461937636869819,0,-5,1.5678706616241451,1,False
2025_09_DEN_HOU,2025-11-02,9,HOU,DEN,15,18,-13.11606600807727,0.8796189552494534,0.7592379104989069,0.39669263382926956,0,-3,13.11606600807727,1,False
2025_09_IND_PIT,2025-11-02,9,PIT,IND,27,20,-7.337809387301047,0.8040650446499907,0.6081300892999815,0.3467570302737025,1,7,7.337809387301047,1,True
2025_09_JAX_LV,2025-11-02,9,LV,JAX,29,30,-4.538796844212598,0.6903027050013305,0.380605410002661,0.35404321247670223,0,-1,4.538796844212598,1,False
2025_09_KC_BUF,2025-11-02,9,BUF,KC,28,21,-0.8451377338603078,0.5638824345174143,0.12776486903482853,0.04450365293519576,1,7,0.8451377338603078,1,True
2025_09_LAC_TEN,2025-11-02,9,TEN,LAC,20,27,-3.4773821893755543,0.6543889955930577,0.3087779911861155,0.13968556587506387,0,-7,3.4773821893755543,1,False
2025_09_MIN_DET,2025-11-02,9,DET,MIN,24,27,-7.050302781182678,0.8118390295120845,0.6236780590241691,0.1616649992797191,0,-3,7.050302781182678,1,False
2025_09_NO_LA,2025-11-02,9,LA,NO,34,10,-4.920590483789524,0.782205366621163,0.564410733242326,0.025499990254374882,1,24,4.920590483789524,1,True
2025_09_SEA_WAS,2025-11-02,9,WAS,SEA,14,38,3.65456823539101,0.25484075052359073,0.49031849895281854,0.0388334695590995,0,-24,-3.65456823539101,0,True
2025_09_SF_NYG,2025-11-02,9,NYG,SF,24,34,-5.426409441354839,0.7466488970437524,0.49329779408750474,0.185097317663243,0,-10,5.426409441354839,1,False
2025_09_ARI_DAL,2025-11-03,9,DAL,ARI,17,27,-4.230543554331136,0.6857858611285336,0.37157172225706714,0.20018149381572314,0,-10,4.230543554331136,1,False
2025_10_LV_DEN,2025-11-06,10,DEN,LV,10,7,-4.032378813491574,0.7458423918973033,0.49168478379460656,0.008928333964267399,1,3,4.032378813491574,1,True
2025_10_ARI_SEA,2025-11-09,10,SEA,ARI,44,22,-3.1460978725325375,0.6961008504059918,0.3922017008119836,0.003979585457996149,1,22,3.1460978725325375,1,True
2025_10_ATL_IND,2025-11-09,10,IND,ATL,31,25,-8.847491798191191,0.8491687849377783,0.6983375698755565,0.22048348311809596,1,6,8.847491798191191,1,True
2025_10_BAL_MIN,2025-11-09,10,MIN,BAL,19,27,-0.33854121146174876,0.5324332607654372,0.06486652153087435,0.05708652350499005,0,-8,0.33854121146174876,1,False
2025_10_BUF_MIA,2025-11-09,10,MIA,BUF,30,13,-0.7323240628456072,0.5103509953956478,0.020701990791295533,0.030917283107422033,1,17,0.7323240628456072,1,True
2025_10_CLE_NYJ,2025-11-09,10,NYJ,CLE,27,20,-2.992988201841507,0.6104815262973614,0.22096305259472282,0.26811390631625187,1,7,2.992988201841507,1,True
2025_10_DET_WAS,2025-11-09,10,WAS,DET,22,44,-4.616448305430508,0.7049335510873808,0.4098671021747615,0.2755924899386363,0,-22,4.616448305430508,1,False
2025_10_JAX_HOU,2025-11-09,10,HOU,JAX,36,29,-2.7973411253068625,0.6118732326026153,0.22374646520523056,0.13804004576520723,1,7,2.7973411253068625,1,True
2025_10_LA_SF,2025-11-09,10,SF,LA,26,42,-3.6239866773722973,0.6511439759950313,0.30228795199006253,0.20134392882045615,0,-16,3.6239866773722973,1,False
2025_10_NE_TB,2025-11-09,10,TB,NE,23,28,-2.919580484137542,0.6084635579895393,0.21692711597907866,0.19242236536002266,0,-5,2.919580484137542,1,False
2025_10_NO_CAR,2025-11-09,10,CAR,NO,7,17,3.4801295846175155,0.3187059533253733,0.36258809334925335,0.20947602305389504,0,-10,-3.4801295846175155,0,True
2025_10_NYG_CHI,2025-11-09,10,CHI,NYG,24,20,-5.697831528911208,0.7561864759635382,0.5123729519270763,0.20059012094572148,1,4,5.697831528911208,1,True
2025_10_PIT_LAC,2025-11-09,10,LAC,PIT,25,10,-6.726744194010252,0.7952745981886491,0.5905491963772982,0.19713907138017928,1,15,6.726744194010252,1,True
2025_10_PHI_GB,2025-11-10,10,GB,PHI,7,10,-2.5570170400721612,0.6063409337047274,0.21268186740945483,0.10586582496050279,0,-3,2.5570170400721612,1,False
2025_11_NYJ_NE,2025-11-13,11,NE,NYJ,27,14,-2.6041396016477942,0.6580544689351512,0.31610893787030236,0.008326748839634357,1,13,2.6041396016477942,1,True
2025_11_BAL_CLE,2025-11-16,11,CLE,BAL,16,23,-2.825447938311566,0.6032196608432467,0.20643932168649348,0.1862887806836081,0,-7,2.825447938311566,1,False
2025_11_CAR_ATL,2025-11-16,11,ATL,CAR,27,30,-3.6254394539039083,0.65281778851717,0.30563557703433997,0.298420916026396,0,-3,3.6254394539039083,1,False
2025_11_CHI_MIN,2025-11-16,11,MIN,CHI,17,19,-6.471455295479727,0.7804184263397378,0.5608368526794756,0.3294409417240235,0,-2,6.471455295479727,1,False
2025_11_CIN_PIT,2025-11-16,11,PIT,CIN,34,12,1.2785250233922052,0.458455261199249,0.08308947760150198,0.21022969582680218,1,22,-1.2785250233922052,0,False
2025_11_DET_PHI,2025-11-16,11,PHI,DET,16,9,0.17074675981070833,0.5267531656824787,0.053506331364957305,0.14121748724563254,1,7,-0.17074675981070833,1,True
2025_11_GB_NYG,2025-11-16,11,NYG,GB,20,27,-4.133262145043746,0.6788416409596864,0.3576832819193727,0.21758696702431868,0,-7,4.133262145043746,1,False
2025_11_HOU_TEN,2025-11-16,11,TEN,HOU,13,16,-9.47927857301997,0.8382211648168549,0.6764423296337099,0.4047070191280361,0,-3,9.47927857301997,1,False
2025_11_KC_DEN,2025-11-16,11,DEN,KC,22,19,-5.053630637289976,0.725092381888217,0.450184763776434,0.2383760311860832,1,3,5.053630637289976,1,True
2025_11_LAC_JAX,2025-11-16,11,JAX,LAC,35,6,-5.131388819449022,0.7287005537772466,0.45740110755449326,0.24310314260417587,1,29,5.131388819449022,1,True
2025_11_SEA_LA,2025-11-16,11,LA,SEA,21,19,-6.058189844728389,0.7691183608339569,0.5382367216679138,0.21766417384214143,1,2,6.058189844728389,1,True
2025_11_SF_ARI,2025-11-16,11,ARI,SF,22,41,-2.946797013418599,0.6272851042663186,0.2545702085326371,0.11953463397418163,0,-19,2.946797013418599,1,False
2025_11_TB_BUF,2025-11-16,11,BUF,TB,44,32,1.0986132843490795,0.4711079390719454,0.05778412185610915,0.20856720976675758,1,12,-1.0986132843490795,0,False
2025_11_WAS_MIA,2025-11-16,11,MIA,WAS,16,13,-6.481483599379179,0.7680220943202906,0.5360441886405811,0.3804494363060658,1,3,6.481483599379179,1,True
2025_11_DAL_LV,2025-11-17,11,LV,DAL,16,33,-0.4962749344676057,0.4528832202820792,0.09423355943584155,0.11944657797614561,0,-17,0.4962749344676057,0,True
2025_12_BUF_HOU,2025-11-20,12,HOU,BUF,23,19,0.8138746872170023,0.4299419866383549,0.14011602672329015,0.025728004533764448,1,4,-0.8138746872170023,0,False
2025_12_ATL_NO,2025-11-23,12,NO,ATL,10,24,9.088249473155534,0.13896166864176435,0.7220766627164713,0.33281191278955735,0,-14,-9.088249473155534,0,True
2025_12_CLE_LV,2025-11-23,12,LV,CLE,10,24,-3.7070558429218465,0.6631503386633231,0.32630067732664614,0.159353219760333,0,-14,3.7070558429218465,1,False
2025_12_IND_KC,2025-11-23,12,KC,IND,23,20,-3.2521626834535913,0.6355587426716197,0.27111748534323943,0.1595419188555981,1,3,3.2521626834535913,1,True
2025_12_JAX_ARI,2025-11-23,12,ARI,JAX,24,27,-9.387454496577636,0.8443444109040721,0.6886888218081442,0.37386458633766295,0,-3,9.387454496577636,1,False
2025_12_MIN_GB,2025-11-23,12,GB,MIN,23,6,-5.686689045938397,0.7826994284502335,0.5653988569004671,0.09510018212628824,1,17,5.686689045938397,1,True
2025_12_NE_CIN,2025-11-23,12,CIN,NE,20,26,-2.4152359455898984,0.6015268751478631,0.20305375029572614,0.09339745134827326,0,-6,2.4152359455898984,1,False
2025_12_NYG_DET,2025-11-23,12,DET,NYG,34,27,-12.187777709520976,0.8965141029523654,0.7930282059047309,0.29543419192245934,1,7,12.187777709520976,1,True
2025_12_NYJ_BAL,2025-11-23,12,BAL,NYJ,23,10,1.0913661643195829,0.4599884353205945,0.08002312935881095,0.14391655844196033,1,13,-1.0913661643195829,0,False
2025_12_PHI_DAL,2025-11-23,12,DAL,PHI,24,21,2.371570199522034,0.3827474746756045,0.234505050648791,0.19298054797323094,1,3,-2.371570199522034,0,False
2025_12_PIT_CHI,2025-11-23,12,CHI,PIT,31,28,-6.999514305692117,0.8014971124821514,0.6029942249643028,0.2570586690277846,1,3,6.999514305692117,1,True
2025_12_SEA_TEN,2025-11-23,12,TEN,SEA,24,30,-4.351695330266136,0.695235300958326,0.39047060191665195,0.17975280995330645,0,-6,4.351695330266136,1,False
2025_12_TB_LA,2025-11-23,12,LA,TB,34,7,-8.465551276091185,0.8434384420548957,0.6868768841097914,0.19578895011105124,1,27,8.465551276091185,1,True
2025_12_CAR_SF,2025-11-24,12,SF,CAR,20,9,-4.20923414396639,0.7047121220598909,0.40942424411978173,0.1135090368617947,1,11,4.20923414396639,1,True
2025_13_CIN_BAL,2025-11-27,13,BAL,CIN,14,32,-3.9249397551824012,0.6888711867242192,0.3777423734484384,0.11350703585786304,0,-18,3.9249397551824012,1,False
2025_13_GB_DET,2025-11-27,13,DET,GB,24,31,-2.572330204714297,0.6083385678889079,0.2166771357778159,0.10325832230412346,0,-7,2.572330204714297,1,False
2025_13_KC_DAL,2025-11-27,13,DAL,KC,31,28,2.4258231405436677,0.2762209774577893,0.44755804508442143,0.046406658653560195,1,3,-2.4258231405436677,0,False
2025_13_CHI_PHI,2025-11-28,13,PHI,CHI,15,24,-1.4909526689247758,0.5702829963755284,0.14056599275105675,0.024250816399135844,0,-9,1.4909526689247758,1,False
2025_13_ARI_TB,2025-11-30,13,TB,ARI,20,17,-9.128904052498644,0.8389525033878853,0.6779050067757706,0.37671085746342803,1,3,9.128904052498644,1,True
2025_13_ATL_NYJ,2025-11-30,13,NYJ,ATL,27,24,-1.3652281798237147,0.5444829314570988,0.08896586291419761,0.054759162978892384,1,3,1.3652281798237147,1,True
2025_13_BUF_PIT,2025-11-30,13,PIT,BUF,7,26,-1.5382845797059923,0.5146104253556779,0.029220850711355828,0.18175297328404216,0,-19,1.5382845797059923,1,False
2025_13_DEN_WAS,2025-11-30,13,WAS,DEN,26,27,-2.2161934346066277,0.5655739793045658,0.13114795860913153,0.16686780388734967,0,-1,2.2161934346066277,1,False
2025_13_HOU_IND,2025-11-30,13,IND,HOU,16,20,-2.320053473173841,0.6105944720510874,0.22118894410217482,0.05855944747108677,0,-4,2.320053473173841,1,False
2025_13_JAX_TEN,2025-11-30,13,TEN,JAX,3,25,9.697330361472313,0.14986011681059663,0.7002797663788067,0.41190671808179524,0,-22,-9.697330361472313,0,True
2025_13_LA_CAR,2025-11-30,13,CAR,LA,31,28,-1.276203519252063,0.5053638021581115,0.010727604316222994,0.1375447307144103,1,3,1.276203519252063,1,True
2025_13_LV_LAC,2025-11-30,13,LAC,LV,31,14,-6.773645938181063,0.797800260127201,0.5956005202544019,0.18997314565701695,1,17,6.773645938181063,1,True
2025_13_MIN_SEA,2025-11-30,13,SEA,MIN,26,0,-10.721803734476172,0.87845137614134,0.7569027522826799,0.2309891793710419,1,26,10.721803734476172,1,True
2025_13_NO_MIA,2025-11-30,13,MIA,NO,21,17,-6.065924376761452,0.8021543179098956,0.6043086358197911,0.08490222501479272,1,4,6.065924376761452,1,True
2025_13_SF_CLE,2025-11-30,13,CLE,SF,8,26,-4.406058063057049,0.6959138620792272,0.39182772415845446,0.2931589355938916,0,-18,4.406058063057049,1,False
2025_13_NYG_NE,2025-12-01,13,NE,NYG,33,15,-9.258873972893158,0.8762204567195895,0.752440913439179,0.12153075326755391,1,18,9.258873972893158,1,True
2025_14_DAL_DET,2025-12-04,14,DET,DAL,44,30,-6.088907036687341,0.7705095344284754,0.5410190688569507,0.27261382476591556,1,14,6.088907036687341,1,True
2025_14_CHI_GB,2025-12-07,14,GB,CHI,28,21,-6.579131646833355,0.7963408300739454,0.5926816601478908,0.16158637967211387,1,7,6.579131646833355,1,True
2025_14_CIN_BUF,2025-12-07,14,BUF,CIN,39,34,-12.16685086079828,0.8973680518366993,0.7947361036733986,0.18510290014712383,1,5,12.16685086079828,1,True
2025_14_DEN_LV,2025-12-07,14,LV,DEN,17,24,-0.35506189243567093,0.4812241731496095,0.03755165370078095,0.032447448387367184,0,-7,0.35506189243567093,0,True
2025_14_HOU_KC,2025-12-07,14,KC,HOU,10,20,-8.134287513857977,0.8062223219482315,0.612444643896463,0.42282471715396663,0,-10,8.134287513857977,1,False
2025_14_IND_JAX,2025-12-07,14,JAX,IND,36,19,1.2683621820176778,0.3757108649547407,0.24857827009051858,0.009001438413350382,1,17,-1.2683621820176778,0,False
2025_14_LA_ARI,2025-12-07,14,ARI,LA,17,45,-2.7245172335461305,0.59847881809609,0.1969576361921801,0.17497367635823086,0,-28,2.7245172335461305,1,False
2025_14_MIA_NYJ,2025-12-07,14,NYJ,MIA,10,34,-3.2703908715610064,0.6289436886090405,0.25788737721808097,0.20799758547877512,0,-24,3.2703908715610064,1,False
2025_14_NO_TB,2025-12-07,14,TB,NO,20,24,-3.5655076960353935,0.7040904431715163,0.4081808863430325,0.03369243731879734,0,-4,3.5655076960353935,1,False
2025_14_PIT_BAL,2025-12-07,14,BAL,PIT,22,27,-8.327202960388755,0.8308929365702532,0.6617858731405064,0.3422971588871301,0,-5,8.327202960388755,1,False
2025_14_SEA_ATL,2025-12-07,14,ATL,SEA,9,37,0.16847787787583401,0.5206455742352227,0.04129114847044546,0.12037867827755444,0,-28,-0.16847787787583401,1,False
2025_14_TEN_CLE,2025-12-07,14,CLE,TEN,29,31,-6.782853710714934,0.7875359276639886,0.5750718553279772,0.3437310407460372,0,-2,6.782853710714934,1,False
2025_14_WAS_MIN,2025-12-07,14,MIN,WAS,31,0,-2.666015652389304,0.5891559435887339,0.17831188717746782,0.31340421711286287,1,31,2.666015652389304,1,True
2025_14_PHI_LAC,2025-12-08,14,LAC,PHI,22,19,-6.132712362855132,0.7719499093789532,0.5438998187579065,0.21819595928521118,1,3,6.132712362855132,1,True
2025_15_ATL_TB,2025-12-11,15,TB,ATL,28,29,-1.4398084485552325,0.6008147018991319,0.20162940379826377,0.031729617982642844,0,-1,1.4398084485552325,1,False
2025_15_ARI_HOU,2025-12-14,15,HOU,ARI,40,20,-11.350364295630333,0.8850137980813666,0.7700275961627332,0.31796651645584995,1,20,11.350364295630333,1,True
2025_15_BAL_CIN,2025-12-14,15,CIN,BAL,0,24,1.7788103444621033,0.39030895660657117,0.21938208678685767,0.08186079572000043,0,-24,-1.7788103444621033,0,True
2025_15_BUF_NE,2025-12-14,15,NE,BUF,31,35,-5.823299647630329,0.7620864248106356,0.5241728496212712,0.1946767236392115,0,-4,5.823299647630329,1,False
2025_15_CAR_NO,2025-12-14,15,NO,CAR,20,17,4.8759791885136154,0.2402504246449082,0.5194991507101836,0.1496626388115045,1,3,-4.8759791885136154,0,False
2025_15_CLE_CHI,2025-12-14,15,CHI,CLE,31,3,-5.046739332717918,0.7376447194191402,0.47528943883828045,0.14532556216506087,1,28,5.046739332717918,1,True
2025_15_DET_LA,2025-12-14,15,LA,DET,41,34,-3.085757102376719,0.6666980468355922,0.3333960936711844,0.04803003136200956,1,7,3.085757102376719,1,True
2025_15_GB_DEN,2025-12-14,15,DEN,GB,34,26,-5.206958499431949,0.725675257613777,0.4513505152275541,0.34294863192295183,1,8,5.206958499431949,1,True
2025_15_IND_SEA,2025-12-14,15,SEA,IND,18,16,-0.716435565092756,0.537461235976625,0.07492247195324997,0.015043044653306525,1,2,0.716435565092756,1,True
2025_15_LAC_KC,2025-12-14,15,KC,LAC,13,16,-4.7237866399864314,0.7210623046802118,0.44212460936042364,0.1486624361475064,0,-3,4.7237866399864314,1,False
2025_15_LV_PHI,2025-12-14,15,PHI,LV,31,0,-9.351288419617521,0.8752964247738922,0.7505928495477845,0.12970917291804662,1,31,9.351288419617521,1,True
2025_15_MIN_DAL,2025-12-14,15,DAL,MIN,26,34,-11.509312158870612,0.8887323201440693,0.7774646402881387,0.28098761912274806,0,-8,11.509312158870612,1,False
2025_15_NYJ_JAX,2025-12-14,15,JAX,NYJ,48,20,-2.809809733663085,0.6067856344058419,0.21357126881168376,0.16162184841611427,1,28,2.809809733663085,1,True
2025_15_TEN_SF,2025-12-14,15,SF,TEN,37,24,-14.521112296765368,0.9100291019014465,0.820058203802893,0.19427589337111928,1,13,14.521112296765368,1,True
2025_15_WAS_NYG,2025-12-14,15,NYG,WAS,21,29,-2.63807001689869,0.6053569224529075,0.21071384490581502,0.12459054244588152,0,-8,2.63807001689869,1,False
2025_15_MIA_PIT,2025-12-15,15,PIT,MIA,28,15,-0.3560363685779867,0.47510342428487673,0.04979315143024654,0.0437415187210658,1,13,0.3560363685779867,0,False
2025_16_LA_SEA,2025-12-18,16,SEA,LA,38,37,-5.641478260283433,0.7632422375194097,0.5264844750388193,0.14925629707911836,1,1,5.641478260283433,1,True
2025_16_GB_CHI,2025-12-20,16,CHI,GB,22,16,-2.371433744511395,0.6013159229944955,0.2026318459889911,0.08661178261274005,1,6,2.371433744511395,1,True
2025_16_PHI_WAS,2025-12-20,16,WAS,PHI,18,29,-7.141085330902029,0.8078259019500733,0.6156518039001466,0.2840662527080653,0,-11,7.141085330902029,1,False
2025_16_ATL_ARI,2025-12-21,16,ARI,ATL,19,26,-1.4173288161393898,0.5197497127435367,0.0394994254870733,0.12413282085245458,0,-7,1.4173288161393898,1,False
2025_16_BUF_CLE,2025-12-21,16,CLE,BUF,20,23,-3.367788323010149,0.6089065596687012,0.21781311933740244,0.4142965824707323,0,-3,3.367788323010149,1,False
2025_16_CIN_MIA,2025-12-21,16,MIA,CIN,21,45,5.862707329100768,0.21987799122528745,0.5602440175494251,0.34148526395658646,0,-24,-5.862707329100768,0,True
2025_16_JAX_DEN,2025-12-21,16,DEN,JAX,20,34,-6.841591542798188,0.7969883002050797,0.5939766004101594,0.3136605463633241,0,-14,6.841591542798188,1,False
2025_16_KC_TEN,2025-12-21,16,TEN,KC,26,9,6.507811108297727,0.18392401117126944,0.6321519776574611,0.16241257789435753,1,17,-6.507811108297727,0,False
2025_16_LAC_DAL,2025-12-21,16,DAL,LAC,17,34,3.2312516358224572,0.3340089111863036,0.3319821776273928,0.23195688572214723,0,-17,-3.2312516358224572,0,True
2025_16_LV_HOU,2025-12-21,16,HOU,LV,23,21,-12.502371074665747,0.9068215424705297,0.8136430849410594,0.15117662325049797,1,2,12.502371074665747,1,True
2025_16_MIN_NYG,2025-12-21,16,NYG,MIN,13,16,1.5588600066629885,0.4330870727317859,0.13382585453642815,0.17003175970810325,0,-3,-1.5588600066629885,0,True
2025_16_NE_BAL,2025-12-21,16,BAL,NE,24,28,-3.4151372758070013,0.6362636823174119,0.27252736463482385,0.23506059959450387,0,-4,3.4151372758070013,1,False
2025_16_NYJ_NO,2025-12-21,16,NO,NYJ,29,6,-5.132146260316283,0.7304902046240633,0.46098040924812667,0.28002962173337054,1,23,5.132146260316283,1,True
2025_16_PIT_DET,2025-12-21,16,DET,PIT,24,29,-1.6633347726188652,0.5927663352703525,0.185532670540705,0.007802402054811974,0,-5,1.6633347726188652,1,False
2025_16_TB_CAR,2025-12-21,16,CAR,TB,23,20,0.20095569988549825,0.49161620786495275,0.016767584270094504,0.0561945962852744,1,3,-0.20095569988549825,0,False
2025_16_SF_IND,2025-12-22,16,IND,SF,27,48,-4.824705747616325,0.7179380528755529,0.4358761057511058,0.1895174110912088,0,-21,4.824705747616325,1,False
2025_17_DAL_WAS,2025-12-25,17,WAS,DAL,23,30,-0.23211476152802532,0.44831880688651704,0.10336238622696592,0.07978370704355958,0,-7,0.23211476152802532,0,True
2025_17_DEN_KC,2025-12-25,17,KC,DEN,13,20,0.3467427312547776,0.5087502460814892,0.017500492162978443,0.12460267642287137,0,-7,-0.3467427312547776,1,False
2025_17_DET_MIN,2025-12-25,17,MIN,DET,23,10,2.6586286764219413,0.3674468296466898,0.2651063407066204,0.22039239640297476,1,13,-2.6586286764219413,0,False
2025_17_BAL_GB,2025-12-27,17,GB,BAL,24,41,-4.204811774628729,0.7538186674125683,0.5076373348251366,0.011428040974352127,0,-17,4.204811774628729,1,False
2025_17_HOU_LAC,2025-12-27,17,LAC,HOU,16,20,-3.623269544144795,0.652038350033285,0.30407670006657006,0.193739896933387,0,-4,3.623269544144795,1,False
2025_17_ARI_CIN,2025-12-28,17,CIN,ARI,37,14,-8.921967026732132,0.8499430211372911,0.6998860422745823,0.24662627592329867,1,23,8.921967026732132,1,True
2025_17_CHI_SF,2025-12-28,17,SF,CHI,42,38,-1.8702357597007546,0.6664448804460505,0.3328897608921011,0.10583628006560031,1,4,1.8702357597007546,1,True
2025_17_JAX_IND,2025-12-28,17,IND,JAX,17,23,-5.979759723600557,0.7394646423013281,0.47892928460265627,0.4195924622100323,0,-6,5.979759723600557,1,False
2025_17_NE_NYJ,2025-12-28,17,NYJ,NE,10,42,3.3718630072493663,0.3070197239445734,0.38596055211085323,0.12361109157373487,0,-32,-3.3718630072493663,0,True
2025_17_NO_TEN,2025-12-28,17,TEN,NO,26,34,-1.2258703130399504,0.522826482383743,0.045652964767485926,0.07895950379538696,0,-8,1.2258703130399504,1,False
2025_17_NYG_LV,2025-12-28,17,LV,NYG,10,34,-6.975846390293893,0.784449326843292,0.5688986536865841,0.38112457796055027,0,-24,6.975846390293893,1,False
2025_17_PHI_BUF,2025-12-28,17,BUF,PHI,12,13,-10.377089506458775,0.8569515314534544,0.7139030629069087,0.38433463165811677,0,-1,10.377089506458775,1,False
2025_17_PIT_CLE,2025-12-28,17,CLE,PIT,13,6,-1.2044650440251732,0.48551629692989917,0.028967406140201657,0.22485726961329544,1,7,1.2044650440251732,0,False
2025_17_SEA_CAR,2025-12-28,17,CAR,SEA,10,27,-2.689911586826265,0.6099603980672008,0.21992079613440163,0.12102159226246878,0,-17,2.689911586826265,1,False
2025_17_TB_MIA,2025-12-28,17,MIA,TB,20,17,-1.4525587397235564,0.559652562420114,0.11930512484022793,0.038065865059798254,1,3,1.4525587397235564,1,True
2025_17_LA_ATL,2025-12-29,17,ATL,LA,27,24,-0.6106826001227977,0.4411852011159211,0.11762959776815785,0.2595287280989854,1,3,0.6106826001227977,0,False
2025_18_CAR_TB,2026-01-03,18,TB,CAR,16,14,-1.2584775810596716,0.5548372060831176,0.10967441216623519,0.02157266758528975,1,2,1.2584775810596716,1,True
2025_18_SEA_SF,2026-01-03,18,SF,SEA,3,13,-7.757034779363596,0.8246047704821673,0.6492095409643346,0.31120079105274256,0,-10,7.757034779363596,1,False
2025_18_ARI_LA,2026-01-04,18,LA,ARI,37,20,-7.955586979891871,0.847728891326682,0.6954577826533641,0.12306138349518947,1,17,7.955586979891871,1,True
2025_18_BAL_PIT,2026-01-04,18,PIT,BAL,26,24,-3.6481817119798072,0.65615703393668,0.31231406787336,0.1768038182640329,1,2,3.6481817119798072,1,True
2025_18_CLE_CIN,2026-01-04,18,CIN,CLE,18,20,-15.74334074021685,0.9112179804222624,0.8224359608445249,0.25575480494726766,0,-2,15.74334074021685,1,False
2025_18_DAL_NYG,2026-01-04,18,NYG,DAL,34,17,-2.2207986127803063,0.5863141307021188,0.1726282614042376,0.09805712992009552,1,17,2.2207986127803063,1,True
2025_18_DET_CHI,2026-01-04,18,CHI,DET,16,19,-5.724219766671956,0.7611220042191226,0.5222440084382451,0.17489990101681374,0,-3,5.724219766671956,1,False
2025_18_GB_MIN,2026-01-04,18,MIN,GB,16,3,2.50631629026176,0.3774457261487943,0.24510854770241142,0.23130413832522984,1,13,-2.50631629026176,0,False
2025_18_IND_HOU,2026-01-04,18,HOU,IND,38,30,-2.648751852976137,0.5913358845001897,0.1826717690003794,0.1876378508624339,1,8,2.648751852976137,1,True
2025_18_KC_LV,2026-01-04,18,LV,KC,14,12,3.6762866783014756,0.3095321122444482,0.3809357755111036,0.3163196738074169,1,2,-3.6762866783014756,0,False
2025_18_LAC_DEN,2026-01-04,18,DEN,LAC,19,3,-7.794428675042728,0.8285729315135271,0.6571458630270541,0.18628364017271726,1,16,7.794428675042728,1,True
2025_18_MIA_NE,2026-01-04,18,NE,MIA,38,10,-8.805243566962375,0.8491862879040083,0.6983725758080166,0.2091698411080517,1,28,8.805243566962375,1,True
2025_18_NO_ATL,2026-01-04,18,ATL,NO,19,17,-6.8703423043699425,0.7875437243904527,0.5750874487809055,0.35518977373632565,1,2,6.8703423043699425,1,True
2025_18_NYJ_BUF,2026-01-04,18,BUF,NYJ,35,8,-8.93961818376255,0.8770313999110404,0.7540627998220808,0.10210358341430947,1,27,8.93961818376255,1,True
2025_18_TEN_JAX,2026-01-04,18,JAX,TEN,41,7,-11.211813798774589,0.9111673048189919,0.8223346096379838,0.10057685331335797,1,34,11.211813798774589,1,True
2025_18_WAS_PHI,2026-01-04,18,PHI,WAS,17,24,-9.69174200436691,0.8637083851897154,0.7274167703794308,0.24442424233675852,0,-7,9.69174200436691,1,False
2025_19_GB_CHI,2026-01-10,19,CHI,GB,31,27,-8.788465006757427,0.8511099790631627,0.7022199581263253,0.30143400368122086,1,4,8.788465006757427,1,True
2025_19_LA_CAR,2026-01-10,19,CAR,LA,31,34,6.495115381255925,0.17031900476041675,0.6593619904791665,0.11295462155458329,0,-3,-6.495115381255925,0,True
2025_19_BUF_JAX,2026-01-11,19,JAX,BUF,24,27,-1.1056714816303395,0.582039715371083,0.16407943074216602,0.04224752405255716,0,-3,1.1056714816303395,1,False
2025_19_LAC_NE,2026-01-11,19,NE,LAC,16,3,-11.237691703595548,0.8864821320458276,0.7729642640916552,0.307391023252057,1,13,11.237691703595548,1,True
2025_19_SF_PHI,2026-01-11,19,PHI,SF,19,23,-1.4754269790953696,0.541608850232663,0.08321770046532606,0.0778508057160332,0,-4,1.4754269790953696,1,False
2025_19_HOU_PIT,2026-01-12,19,PIT,HOU,6,30,-2.269759714573546,0.5907709030191413,0.18154180603828252,0.09533315494862205,0,-24,2.269759714573546,1,False
2025_20_BUF_DEN,2026-01-17,20,DEN,BUF,33,30,-4.033879528188482,0.6724897753803392,0.3449795507606783,0.2517317861269224,1,3,4.033879528188482,1,True
2025_20_SF_SEA,2026-01-17,20,SEA,SF,41,6,-1.8942072450774692,0.5786024142690958,0.1572048285381915,0.06306493240123456,1,35,1.8942072450774692,1,True
2025_20_HOU_NE,2026-01-18,20,NE,HOU,28,16,-7.9317048828136345,0.8291954650283773,0.6583909300567545,0.3109126336977476,1,12,7.9317048828136345,1,True
2025_20_LA_CHI,2026-01-18,20,CHI,LA,17,20,-0.4947726760883894,0.5327793379634137,0.0655586759268274,0.03549477618792085,0,-3,0.4947726760883894,1,False
2025_21_LA_SEA,2026-01-25,21,SEA,LA,31,27,-2.8919322723923226,0.6204752268267559,0.24095045365351186,0.12977835021239892,1,4,2.8919322723923226,1,True
2025_21_NE_DEN,2026-01-25,21,DEN,NE,7,10,-5.7501389656245365,0.7563337979727346,0.5126675959454692,0.31504046407938013,0,-3,5.7501389656245365,1,False
2025_22_SEA_NE,2026-02-08,22,NE,SEA,13,29,-6.727315602671801,0.7958858481315865,0.5917716962631729,0.19259701041070842,0,-16,6.727315602671801,1,False
