game_id,game_date,week,home_team,away_team,home_score,away_score,predicted_spread,home_win_probability,confidence,model_disagreement,home_win_prob_from_model,win_prob_from_spread,home_win,actual_margin,predicted_margin,predicted_home_win,correct_winner
2025_01_DAL_PHI,2025-09-04,1,PHI,DAL,24,20,-4.951684766569101,0.7205311673799623,0.4410623347599245,0.2278619861210338,0.5715513592789041,0.7994133453999379,1,4,4.951684766569101,1,True
2025_01_KC_LAC,2025-09-05,1,LAC,KC,27,21,-4.951684766569101,0.7205311673799623,0.4410623347599245,0.2278619861210338,0.5715513592789041,0.7994133453999379,1,6,4.951684766569101,1,True
2025_01_ARI_NO,2025-09-07,1,NO,ARI,13,20,-4.951684766569101,0.7205311673799623,0.4410623347599245,0.2278619861210338,0.5715513592789041,0.7994133453999379,0,-7,4.951684766569101,1,False
2025_01_BAL_BUF,2025-09-07,1,BUF,BAL,41,40,-4.951684766569101,0.7205311673799623,0.4410623347599245,0.2278619861210338,0.5715513592789041,0.7994133453999379,1,1,4.951684766569101,1,True
2025_01_CAR_JAX,2025-09-07,1,JAX,CAR,26,10,-4.951684766569101,0.7205311673799623,0.4410623347599245,0.2278619861210338,0.5715513592789041,0.7994133453999379,1,16,4.951684766569101,1,True
2025_01_CIN_CLE,2025-09-07,1,CLE,CIN,16,17,-4.951684766569101,0.7205311673799623,0.4410623347599245,0.2278619861210338,0.5715513592789041,0.7994133453999379,0,-1,4.951684766569101,1,False
2025_01_DET_GB,2025-09-07,1,GB,DET,27,13,-4.951684766569101,0.7205311673799623,0.4410623347599245,0.2278619861210338,0.5715513592789041,0.7994133453999379,1,14,4.951684766569101,1,True
2025_01_HOU_LA,2025-09-07,1,LA,HOU,14,9,-4.951684766569101,0.7205311673799623,0.4410623347599245,0.2278619861210338,0.5715513592789041,0.7994133453999379,1,5,4.951684766569101,1,True
2025_01_LV_NE,2025-09-07,1,NE,LV,13,20,-4.951684766569101,0.7205311673799623,0.4410623347599245,0.2278619861210338,0.5715513592789041,0.7994133453999379,0,-7,4.951684766569101,1,False
2025_01_MIA_IND,2025-09-07,1,IND,MIA,33,8,-4.951684766569101,0.7205311673799623,0.4410623347599245,0.2278619861210338,0.5715513592789041,0.7994133453999379,1,25,4.951684766569101,1,True
2025_01_NYG_WAS,2025-09-07,1,WAS,NYG,21,6,-4.951684766569101,0.7205311673799623,0.4410623347599245,0.2278619861210338,0.5715513592789041,0.7994133453999379,1,15,4.951684766569101,1,True
2025_01_PIT_NYJ,2025-09-07,1,NYJ,PIT,32,34,-4.951684766569101,0.7205311673799623,0.4410623347599245,0.2278619861210338,0.5715513592789041,0.7994133453999379,0,-2,4.951684766569101,1,False
2025_01_SF_SEA,2025-09-07,1,SEA,SF,13,17,-4.951684766569101,0.7205311673799623,0.4410623347599245,0.2278619861210338,0.5715513592789041,0.7994133453999379,0,-4,4.951684766569101,1,False
2025_01_TB_ATL,2025-09-07,1,ATL,TB,20,23,-4.951684766569101,0.7205311673799623,0.4410623347599245,0.2278619861210338,0.5715513592789041,0.7994133453999379,0,-3,4.951684766569101,1,False
2025_01_TEN_DEN,2025-09-07,1,DEN,TEN,20,12,-4.951684766569101,0.7205311673799623,0.4410623347599245,0.2278619861210338,0.5715513592789041,0.7994133453999379,1,8,4.951684766569101,1,True
2025_01_MIN_CHI,2025-09-08,1,CHI,MIN,24,27,-4.951684766569101,0.7205311673799623,0.4410623347599245,0.2278619861210338,0.5715513592789041,0.7994133453999379,0,-3,4.951684766569101,1,False
2025_02_WAS_GB,2025-09-11,2,GB,WAS,27,18,-1.3441056604102781,0.5004494516466325,0.0008989032932649188,0.1816724933562669,0.39285755251556187,0.5745300458718288,1,9,1.3441056604102781,1,True
2025_02_ATL_MIN,2025-09-14,2,MIN,ATL,6,22,-0.6383813025400801,0.4556742430056429,0.08865151398871418,0.1459723088671246,0.37617338162748365,0.5221456904946082,0,-16,0.6383813025400801,0,True
2025_02_BUF_NYJ,2025-09-14,2,NYJ,BUF,10,30,-5.077665556985386,0.7532853051448839,0.5065706102897678,0.10118722670898972,0.7042179693313289,0.8054051960403186,0,-20,5.077665556985386,1,False
2025_02_CAR_ARI,2025-09-14,2,ARI,CAR,27,22,-3.087668383161373,0.760868368440238,0.521736736880476,0.14382377040141292,0.838787057324037,0.6949632869226241,1,5,3.087668383161373,1,True
2025_02_CHI_DET,2025-09-14,2,DET,CHI,52,21,-2.540688565736594,0.5599214429145419,0.11984288582908387,0.3967563302251872,0.2623541952456515,0.6591105254708387,1,31,2.540688565736594,1,True
2025_02_CLE_BAL,2025-09-14,2,BAL,CLE,41,17,-3.521253328463774,0.6701056635560314,0.3402113271120628,0.10012176167668496,0.6216972240875345,0.7218189857642194,1,24,3.521253328463774,1,True
2025_02_DEN_IND,2025-09-14,2,IND,DEN,29,28,0.48848384154235513,0.4026989949517774,0.19460201009644518,0.06219177675590787,0.37577478362580075,0.4379665603817086,1,1,-0.48848384154235513,0,False
2025_02_JAX_CIN,2025-09-14,2,CIN,JAX,31,27,-1.972051335751436,0.5319699953829602,0.06393999076592038,0.3513599369985028,0.26845004263408306,0.6198099796325859,1,4,1.972051335751436,1,True
2025_02_LA_TEN,2025-09-14,2,TEN,LA,19,33,-3.765209043956087,0.5742659602751412,0.14853192055028241,0.6480301636058475,0.08824333757075552,0.7362735011766031,0,-14,3.765209043956087,1,False
2025_02_NE_MIA,2025-09-14,2,MIA,NE,27,33,-4.0924340196249815,0.6925073386060241,0.3850146772120482,0.13137460296620584,0.6235138458284811,0.754888448794687,0,-6,4.0924340196249815,1,False
2025_02_NYG_DAL,2025-09-14,2,DAL,NYG,40,37,-2.0199799277623818,0.678717731589164,0.3574354631783281,0.11044575846739246,0.7336381011373349,0.6231923426699424,1,3,2.0199799277623818,1,True
2025_02_PHI_KC,2025-09-14,2,KC,PHI,17,20,-4.8237310070899575,0.6802106352273152,0.36042127045463035,0.4519065501576249,0.34128072260909653,0.7931872727667214,0,-3,4.8237310070899575,1,False
2025_02_SEA_PIT,2025-09-14,2,PIT,SEA,17,31,1.3543963935803887,0.4512636178312799,0.09747276433744023,0.19371530403078174,0.5690981329297045,0.3753828288989227,0,-14,-1.3543963935803887,0,True
2025_02_SF_NO,2025-09-14,2,NO,SF,21,26,-3.517897083104497,0.5632734074553482,0.1265468149106963,0.6333734265127902,0.08824333757075552,0.7216167640835457,0,-5,3.517897083104497,1,False
2025_02_LAC_LV,2025-09-15,2,LV,LAC,9,20,-2.1317367220137866,0.5551066759161062,0.11021335183221237,0.30370197261376297,0.327330196455784,0.631032169069547,0,-11,2.1317367220137866,1,False
2025_02_TB_HOU,2025-09-15,2,HOU,TB,19,20,-6.3628823601824545,0.8834211761069153,0.7668423522138306,0.04125141731551574,0.9001280780747308,0.8588766607592151,0,-1,6.3628823601824545,1,False
2025_03_MIA_BUF,2025-09-18,3,BUF,MIA,31,21,-0.3521108484890993,0.5719745305340921,0.14394906106818417,0.1666099141178935,0.6672998184518506,0.5006899043339571,1,10,0.3521108484890993,1,True
2025_03_ARI_SF,2025-09-21,3,SF,ARI,16,15,-3.7669286386344347,0.6121541442623829,0.2243082885247658,0.49687806122606776,0.23949559834283213,0.7363736595688999,1,1,3.7669286386344347,1,True
2025_03_ATL_CAR,2025-09-21,3,CAR,ATL,30,0,-3.2045359263479676,0.5665071503229299,0.13301430064585973,0.5433493113719783,0.15899516679394626,0.7023444781659245,1,30,3.2045359263479676,1,True
2025_03_CIN_MIN,2025-09-21,3,MIN,CIN,48,10,-6.1900935654858715,0.6958456056578872,0.39169121131577445,0.626521704298989,0.22595432743364546,0.8524760317326345,1,38,6.1900935654858715,1,True
2025_03_DAL_CHI,2025-09-21,3,CHI,DAL,31,14,-5.656919861899279,0.712071350111704,0.42414270022340794,0.4765406768024498,0.35466584250986666,0.8312065193123165,1,17,5.656919861899279,1,True
2025_03_DEN_LAC,2025-09-21,3,LAC,DEN,23,20,2.766218174340299,0.32169640160479385,0.3566071967904123,0.07077957201752705,0.3531489155642407,0.28236934354671367,1,3,-2.766218174340299,0,False
2025_03_GB_CLE,2025-09-21,3,CLE,GB,13,10,-3.138812342826767,0.5643259869507289,0.12865197390145777,0.5355205112582463,0.16268560350704422,0.6982061147652905,1,3,3.138812342826767,1,True
2025_03_HOU_JAX,2025-09-21,3,JAX,HOU,17,10,-2.981526507767611,0.7558248186204654,0.5116496372409307,0.15061564446146813,0.838787057324037,0.6881714128625689,1,7,2.981526507767611,1,True
2025_03_IND_TEN,2025-09-21,3,TEN,IND,20,41,-2.5690808448825018,0.533762648501609,0.06752529700321808,0.5090362446931702,0.15198546498173138,0.6610217096749016,0,-21,2.5690808448825018,1,False
2025_03_KC_NYG,2025-09-21,3,NYG,KC,9,22,-0.5081251823130836,0.4063521672501767,0.1872956654996466,0.4241451062392283,0.08824333757075552,0.5123884438099838,0,-13,0.5081251823130836,0,True
2025_03_LA_PHI,2025-09-21,3,PHI,LA,33,26,-1.4746354316541053,0.46011572707506415,0.0797685458498717,0.49582985267241153,0.08824333757075552,0.5840731902431671,1,7,1.4746354316541053,0,False
2025_03_LV_WAS,2025-09-21,3,WAS,LV,41,24,0.05388917933202484,0.43660184712152694,0.12679630575694611,0.058927921516075066,0.41134707467862774,0.4702749961947028,1,17,-0.05388917933202484,0,False
2025_03_NO_SEA,2025-09-21,3,SEA,NO,44,13,-1.5265739266833451,0.645858248940975,0.29171649788195,0.11761342279706477,0.7054668365493357,0.587853413752271,1,31,1.5265739266833451,1,True
2025_03_NYJ_TB,2025-09-21,3,TB,NYJ,29,27,1.0462248996828152,0.48734047312991224,0.025319053740175512,0.3601745429768699,0.7574713803625647,0.39729683738569477,1,2,-1.0462248996828152,0,False
2025_03_PIT_NE,2025-09-21,3,NE,PIT,14,21,0.7826473062417947,0.3480656517017129,0.30386869659657423,0.15329987141361545,0.2630762292730394,0.41637610068665487,0,-7,-0.7826473062417947,0,True
2025_03_DET_BAL,2025-09-22,3,BAL,DET,30,38,-1.9552247802409584,0.48602563288911277,0.027948734221774463,0.5303763937578096,0.08824333757075552,0.6186197313285652,0,-8,1.9552247802409584,0,True
2025_04_SEA_ARI,2025-09-25,4,ARI,SEA,20,23,4.290472650237184,0.14362599605058787,0.7127480078988242,0.11116195589300924,0.08824333757075552,0.19940529346376476,0,-3,-4.290472650237184,0,True
2025_04_BAL_KC,2025-09-28,4,KC,BAL,37,20,-4.586573603954244,0.702238020878301,0.404476041756602,0.2320000567627275,0.5492726325608014,0.7812726893235289,1,17,4.586573603954244,1,True
2025_04_CAR_NE,2025-09-28,4,NE,CAR,42,13,-9.23178138395921,0.8104955537334482,0.6209911074668963,0.49813967806478265,0.4368907951848612,0.9350304732496438,1,29,9.23178138395921,1,True
2025_04_CHI_LV,2025-09-28,4,LV,CHI,24,25,-1.9864948480897577,0.5265160808679592,0.053032161735918404,0.3772577290761216,0.24357278406086796,0.6208305131369896,0,-1,1.9864948480897577,1,False
2025_04_CLE_DET,2025-09-28,4,DET,CLE,34,10,-3.2294639120923727,0.7770221077512052,0.5540442155024103,0.17609928061388547,0.8800047981430357,0.7039055175291502,1,24,3.2294639120923727,1,True
2025_04_GB_DAL,2025-09-28,4,DAL,GB,40,40,-1.1164972204777335,0.48118862089846165,0.0376227582030767,0.19918967440819269,0.3585701996678051,0.5577598740759978,0,0,1.1164972204777335,0,True
2025_04_IND_LA,2025-09-28,4,LA,IND,27,20,-7.295719565510405,0.7250561936900386,0.4501123873800772,0.657853162224787,0.2316663220214484,0.8895194842462354,1,7,7.295719565510405,1,True
2025_04_JAX_SF,2025-09-28,4,SF,JAX,21,26,0.07329469156676974,0.39620336418391844,0.20759327163216312,0.1734090490049638,0.29541593266310656,0.46882498166807035,0,-5,-0.07329469156676974,0,True
2025_04_LAC_NYG,2025-09-28,4,NYG,LAC,21,18,-5.737830795222826,0.6954690747234731,0.39093814944694616,0.5564628592639964,0.2781219302754757,0.8345847895394721,1,3,5.737830795222826,1,True
2025_04_MIN_PIT,2025-09-28,4,PIT,MIN,24,21,0.6689260588851933,0.34555735716346525,0.3088852856730695,0.2356919684694455,0.18899756286448982,0.42468953133393533,1,3,-0.6689260588851933,0,False
2025_04_NO_BUF,2025-09-28,4,BUF,NO,31,19,-2.635953431618592,0.742178434923022,0.4843568698460441,0.2000806512257639,0.8655830188452738,0.6655023676195099,1,12,2.635953431618592,1,True
2025_04_PHI_TB,2025-09-28,4,TB,PHI,25,31,-3.531982101946826,0.5822486027195027,0.16449720543900548,0.5608648436901141,0.1615999699519172,0.7224648136420313,0,-6,3.531982101946826,1,False
2025_04_TEN_HOU,2025-09-28,4,HOU,TEN,26,0,-0.14477154616996532,0.42675813996934087,0.14648372006131827,0.1187508237073428,0.3663930074968743,0.4851438312042171,1,26,0.14477154616996532,0,False
2025_04_WAS_ATL,2025-09-28,4,ATL,WAS,34,27,1.3075819337834071,0.30236916504613487,0.39526166990773026,0.2904381941749549,0.08824333757075552,0.37868153174571045,1,7,-1.3075819337834071,0,False
2025_04_CIN_DEN,2025-09-29,4,DEN,CIN,28,3,-1.6262330771195022,0.547026124477959,0.0940522489559179,0.09085961001265241,0.5042179693313289,0.5950775793439813,1,25,1.6262330771195022,1,True
2025_04_NYJ_MIA,2025-09-29,4,MIA,NYJ,27,21,-2.4136893575465628,0.5713305703741424,0.14266114074828473,0.2376043852861789,0.41289457698101584,0.6504989622671947,1,6,2.4136893575465628,1,True
2025_05_SF_LA,2025-10-02,5,LA,SF,23,26,-0.7274099154375133,0.583223560326458,0.1664471206529159,0.10736655407912155,0.6361719568339171,0.5288054027547956,0,-3,0.7274099154375133,1,False
2025_05_DAL_NYJ,2025-10-05,5,NYJ,DAL,22,37,-5.503854799872895,0.6579586184357504,0.31591723687150086,0.6668278345114689,0.15783774255214875,0.8246655770636176,0,-15,5.503854799872895,1,False
2025_05_DEN_PHI,2025-10-05,5,PHI,DEN,17,21,1.6844834807526006,0.2984769231103156,0.4030461537793688,0.1061908537908759,0.24627479437839545,0.35246564816927134,0,-4,-1.6844834807526006,0,True
2025_05_DET_CIN,2025-10-05,5,CIN,DET,24,37,-4.017208279474997,0.6049404951898139,0.2098809903796277,0.5829929037992867,0.16769581734034875,0.7506887211396355,0,-13,4.017208279474997,1,False
2025_05_HOU_BAL,2025-10-05,5,BAL,HOU,10,44,-8.760716849478227,0.9100335732625087,0.8200671465250173,0.025771284833723596,0.9001280780747308,0.9258993629084544,0,-34,8.760716849478227,1,False
2025_05_LV_IND,2025-10-05,5,IND,LV,40,6,-5.26946228609156,0.8512335828773963,0.7024671657547925,0.06573978133200109,0.8800047981430357,0.8142650168110346,1,34,5.26946228609156,1,True
2025_05_MIA_CAR,2025-10-05,5,CAR,MIA,27,24,-2.2915383427477165,0.6863990550173455,0.3727981100346911,0.08186558543935363,0.7239879753602235,0.6421223899208699,1,3,2.2915383427477165,1,True
2025_05_MIN_CLE,2025-10-05,5,CLE,MIN,17,21,0.21402440409284262,0.36580583088335633,0.26838833823328734,0.37008332441680114,0.08824333757075552,0.45832666198755667,0,-4,-0.21402440409284262,0,True
2025_05_NE_BUF,2025-10-05,5,BUF,NE,20,23,1.9448945758210439,0.3408466846119201,0.31830663077615984,0.00941150997698842,0.3442588151305953,0.3348473051536069,0,-3,-1.9448945758210439,0,True
2025_05_NYG_NO,2025-10-05,5,NO,NYG,26,14,-4.085171391192212,0.6464537235622199,0.2929074471244397,0.43212542418741484,0.3223596554216588,0.7544850796090736,1,12,4.085171391192212,1,True
2025_05_TB_SEA,2025-10-05,5,SEA,TB,35,38,-2.18083954000336,0.678914870062777,0.3578297401255539,0.08228985580078552,0.7167451467500039,0.6344552909492184,0,-3,2.18083954000336,1,False
2025_05_TEN_ARI,2025-10-05,5,ARI,TEN,21,22,-2.652984386250393,0.7188381499218197,0.4376762998436394,0.1013964509384786,0.7680352281008462,0.6666387771623676,0,-1,2.652984386250393,1,False
2025_05_WAS_LAC,2025-10-05,5,LAC,WAS,10,27,-0.8756383212025435,0.5271778264936597,0.05435565298731948,0.02037765917986245,0.5194919804558403,0.5398696396357028,0,-17,0.8756383212025435,1,False
2025_05_KC_JAX,2025-10-06,5,JAX,KC,31,28,-1.7021827623523091,0.4884150356575111,0.023169928684977803,0.4485627832601299,0.1519929482124137,0.6005557314725436,1,3,1.7021827623523091,0,False
2025_06_PHI_NYG,2025-10-09,6,NYG,PHI,34,17,-3.300991125078645,0.5972574306055616,0.19451486121112316,0.4444031941088542,0.2639550350239209,0.7083582291327751,1,17,3.300991125078645,1,True
2025_06_ARI_IND,2025-10-12,6,IND,ARI,31,27,-1.937702429784886,0.6957839096143921,0.39156781922878414,0.2190479299911834,0.8364266792892028,0.6173787492980194,1,4,1.937702429784886,1,True
2025_06_CIN_GB,2025-10-12,6,GB,CIN,27,18,-4.067810771118597,0.7983378810998247,0.5966757621996495,0.08312640327657062,0.8366454541422232,0.7535190508656526,1,9,4.067810771118597,1,True
2025_06_CLE_PIT,2025-10-12,6,PIT,CLE,23,9,-1.2895614638876802,0.6480416443367627,0.2960832886735254,0.2794827122409118,0.850008042209797,0.5705253299688852,1,14,1.2895614638876802,1,True
2025_06_DAL_CAR,2025-10-12,6,CAR,DAL,30,27,-5.3495395350944985,0.8854118902574597,0.7708237805149194,0.15016440240780116,0.9680352281008462,0.817870825693045,1,3,5.3495395350944985,1,True
2025_06_DEN_NYJ,2025-10-12,6,NYJ,DEN,11,13,-2.24167484694259,0.5010689763221338,0.0021379526442675267,0.5504341850018376,0.08824333757075552,0.6386775225725931,0,-2,2.24167484694259,1,False
2025_06_DET_KC,2025-10-12,6,KC,DET,30,17,2.813159937606315,0.22141512826804394,0.5571697434639121,0.11792449957227777,0.1615999699519172,0.27952446952419496,1,13,-2.813159937606315,0,False
2025_06_LAC_MIA,2025-10-12,6,MIA,LAC,27,29,-3.1645140045039364,0.546932089472295,0.09386417894458998,0.611585002535386,0.08824333757075552,0.6998283401061415,0,-2,3.1645140045039364,1,False
2025_06_LA_BAL,2025-10-12,6,BAL,LA,3,17,-1.4198734527634822,0.45711838492294404,0.08576323015411191,0.4918333964695847,0.08824333757075552,0.5800767340403402,0,-14,1.4198734527634822,0,True
2025_06_NE_NO,2025-10-12,6,NO,NE,19,25,-2.7673692498995868,0.5277263251877033,0.0554526503754067,0.585977316822597,0.08824333757075552,0.6742206543933525,0,-6,2.7673692498995868,1,False
2025_06_SEA_JAX,2025-10-12,6,JAX,SEA,12,20,-8.276441007340683,0.7273930286947947,0.45478605738958944,0.7516038166844123,0.1636901661814854,0.9152939828658978,0,-8,8.276441007340683,1,False
2025_06_SF_TB,2025-10-12,6,TB,SF,30,19,-6.3571255222365926,0.7502378406900434,0.5004756813800868,0.43371743457445205,0.4249497647592044,0.8586671993336564,1,11,6.3571255222365926,1,True
2025_06_TEN_LV,2025-10-12,6,LV,TEN,20,10,-0.38320186572062,0.43903650357073076,0.12192699285853847,0.13686141562107512,0.36616027865561496,0.5030216942766901,1,10,0.38320186572062,0,False
2025_06_BUF_ATL,2025-10-13,6,ATL,BUF,24,14,-6.244152247819554,0.761534757094553,0.523069514189106,0.3718766981354734,0.4826272334929479,0.8545039316284213,1,10,6.244152247819554,1,True
2025_06_CHI_WAS,2025-10-13,6,WAS,CHI,24,25,-4.390568294761163,0.7691055044895907,0.5382110089791814,0.0030231164141144573,0.7680352281008462,0.7710583445149607,0,-1,4.390568294761163,1,False
2025_07_PIT_CIN,2025-10-16,7,CIN,PIT,33,31,-2.209735195867764,0.5153457850719199,0.03069157014383972,0.4844704491460081,0.1519929482124137,0.6364633973584218,1,2,2.209735195867764,1,True
2025_07_ATL_SF,2025-10-19,7,SF,ATL,20,10,-8.180134711157244,0.8418142759490903,0.6836285518981806,0.16626080070363303,0.7467661239020011,0.9130269246056342,1,10,8.180134711157244,1,True
2025_07_CAR_NYJ,2025-10-19,7,NYJ,CAR,6,13,-0.1417481961605671,0.3857487967948728,0.22850240641025443,0.39667394563215636,0.08824333757075552,0.4849172832029119,0,-7,0.1417481961605671,0,True
2025_07_GB_ARI,2025-10-19,7,ARI,GB,23,27,-7.636516487486866,0.7227510244447426,0.4455020488894852,0.7056922668707952,0.1934818242916462,0.8991740911624414,0,-4,7.636516487486866,1,False
2025_07_IND_LAC,2025-10-19,7,LAC,IND,24,38,-7.209636732910696,0.7243617675024728,0.44872353500494566,0.6503765819500666,0.23657933103992285,0.8869559129899895,0,-14,7.209636732910696,1,False
2025_07_LA_JAX,2025-10-19,7,JAX,LA,7,35,-1.0671996439384033,0.47643198388995317,0.04713603222009366,0.20974385757010233,0.34436498602256754,0.5541088435926699,0,-28,1.0671996439384033,0,True
2025_07_LV_KC,2025-10-19,7,KC,LV,31,0,-4.756915343848837,0.863361677094736,0.726723354189472,0.17815543911602882,0.9680352281008462,0.7898797889848174,1,31,4.756915343848837,1,True
2025_07_MIA_CLE,2025-10-19,7,CLE,MIA,31,6,-7.91044623051149,0.8500904724207703,0.7001809448415406,0.11262405595667113,0.7937598155290936,0.9063838714857647,1,25,7.91044623051149,1,True
2025_07_NE_TEN,2025-10-19,7,TEN,NE,13,31,0.43308123235191825,0.3693391234633997,0.2613217530732006,0.17395056378754842,0.26811136128174984,0.44206192506929826,0,-18,-0.43308123235191825,0,True
2025_07_NO_CHI,2025-10-19,7,CHI,NO,26,14,-0.7017431824796314,0.4511998419374777,0.0976003161250446,0.2952200486986418,0.2316663220214484,0.5268863707200903,1,12,0.7017431824796314,0,False
2025_07_NYG_DEN,2025-10-19,7,DEN,NYG,33,32,-3.343620718225955,0.7138729845582166,0.42774596911643314,0.0044714729158835675,0.7154646588388258,0.7109931859229423,1,1,3.343620718225955,1,True
2025_07_PHI_MIN,2025-10-19,7,MIN,PHI,22,28,-3.625588479182576,0.802258847367245,0.6045176947344899,0.1823899106635456,0.9104500887819608,0.7280601781184152,0,-6,3.625588479182576,1,False
2025_07_WAS_DAL,2025-10-19,7,DAL,WAS,44,22,-1.0333930437778047,0.47981123383062685,0.0403775323387463,0.16910937972732204,0.38249230784371796,0.55160168757104,1,22,1.0333930437778047,0,False
2025_07_HOU_SEA,2025-10-20,7,SEA,HOU,27,19,-10.842297243935162,0.8335535522857161,0.6671071045714323,0.5013916022839275,0.4575098505727705,0.958901452856698,1,8,10.842297243935162,1,True
2025_07_TB_DET,2025-10-20,7,DET,TB,24,9,-7.721806370710149,0.9021432614876111,0.8042865229752223,0.0010376427150052825,0.9025078720410683,0.901470229326063,1,15,7.721806370710149,1,True
2025_08_MIN_LAC,2025-10-23,8,LAC,MIN,37,10,-4.610966761508941,0.7400682346482715,0.4801364692965431,0.0776935248288162,0.7048271225577514,0.7825206473865676,1,27,4.610966761508941,1,True
2025_08_BUF_CAR,2025-10-26,8,CAR,BUF,9,40,-7.96683992358228,0.7029180143255102,0.4058360286510203,0.8195662356730061,0.08824333757075552,0.9078095732437617,0,-31,7.96683992358228,1,False
2025_08_CHI_BAL,2025-10-26,8,BAL,CHI,30,16,-1.3005713570959965,0.5326729003847857,0.0653458007695713,0.0693427266082276,0.5019917277606215,0.5713344543688491,1,14,1.3005713570959965,1,True
2025_08_CLE_NE,2025-10-26,8,NE,CLE,32,13,-5.631618986435476,0.8944176571301818,0.7888353142603637,0.13789631843664196,0.9680352281008462,0.8301389096642042,1,19,5.631618986435476,1,True
2025_08_DAL_DEN,2025-10-26,8,DEN,DAL,44,24,-2.53231649493388,0.6269636927513391,0.25392738550267824,0.05473320848922436,0.6038127709647441,0.6585459794539684,1,20,2.53231649493388,1,True
2025_08_GB_PIT,2025-10-26,8,PIT,GB,25,35,-7.545460738608885,0.8047846354008039,0.6095692708016078,0.3675431020403638,0.529127308870531,0.8966704109108948,0,-10,7.545460738608885,1,False
2025_08_MIA_ATL,2025-10-26,8,ATL,MIA,10,34,-1.1123117978049764,0.6365015806384273,0.27300316127685464,0.2325483257972668,0.7899984597756197,0.5574501339783529,0,-24,1.1123117978049764,1,False
2025_08_NYG_PHI,2025-10-26,8,PHI,NYG,38,20,-5.757601161007256,0.7562158260552566,0.5124316521105132,0.24869491981830127,0.5867070532609427,0.835401973079244,1,18,5.757601161007256,1,True
2025_08_NYJ_CIN,2025-10-26,8,CIN,NYJ,38,39,-3.860442710602709,0.7100822398540678,0.42016447970813564,0.05496944540785298,0.68681408072339,0.741783526131243,0,-1,3.860442710602709,1,False
2025_08_SF_HOU,2025-10-26,8,HOU,SF,26,15,-3.7536547711593107,0.7403543472064784,0.4807086944129568,0.0074277280961814185,0.7430276135663696,0.7355998854701882,1,11,3.7536547711593107,1,True
2025_08_TB_NO,2025-10-26,8,NO,TB,3,23,-2.9210383121473162,0.5497937945110465,0.09958758902209297,0.5378812294087602,0.14638287245447645,0.6842641018632366,0,-20,2.9210383121473162,1,False
2025_08_TEN_IND,2025-10-26,8,IND,TEN,38,14,-12.12681905355263,0.969325777597541,0.938651555195082,0.0036368956664104557,0.9680352281008462,0.9716721237672566,1,24,12.12681905355263,1,True
2025_08_WAS_KC,2025-10-27,8,KC,WAS,28,7,-4.654208256895342,0.8590691302701758,0.7181382605403517,0.18331499467201162,0.9680352281008462,0.7847202334288346,1,21,4.654208256895342,1,True
2025_09_BAL_MIA,2025-10-30,9,MIA,BAL,6,28,-6.69424801587688,0.9212146926763719,0.8424293853527438,0.09753366215347581,0.9680352281008462,0.8705015659473704,0,-22,6.69424801587688,1,False
2025_09_ATL_NE,2025-11-02,9,NE,ATL,24,23,-8.66087504597365,0.8929992255930663,0.7859984511861327,0.05322432208442074,0.8705936082483909,0.9238179303328117,1,1,8.66087504597365,1,True
2025_09_CAR_GB,2025-11-02,9,GB,CAR,13,16,0.5795650277295082,0.5100248154504782,0.02004963090095635,0.225453432876702,0.65670585081851,0.43125241794180796,0,-3,-0.5795650277295082,1,False
2025_09_CHI_CIN,2025-11-02,9,CIN,CHI,42,47,-1.5678706616241451,0.5054974514188455,0.010994902837691,0.34141717780530206,0.24943456806486902,0.5908517458701711,0,-5,1.5678706616241451,1,False
2025_09_DEN_HOU,2025-11-02,9,HOU,DEN,15,18,-13.11606600807727,0.903516010079172,0.8070320201583441,0.2981281645451631,0.6806639491616078,0.9787921137067709,0,-3,13.11606600807727,1,False
2025_09_IND_PIT,2025-11-02,9,PIT,IND,27,20,-7.337809387301047,0.7364974966366798,0.4729949932733597,0.617027222326946,0.2737270798914704,0.8907543022184163,1,7,7.337809387301047,1,True
2025_09_JAX_LV,2025-11-02,9,LV,JAX,29,30,-4.538796844212598,0.6061709654830685,0.21234193096613696,0.6905701705497506,0.08824333757075552,0.7788135081205061,0,-1,4.538796844212598,1,False
2025_09_KC_BUF,2025-11-02,9,BUF,KC,28,21,-0.8451377338603078,0.5608967144328402,0.12179342886568034,0.03896133605079832,0.5765571629931039,0.5375958269423056,1,7,0.8451377338603078,1,True
2025_09_LAC_TEN,2025-11-02,9,TEN,LAC,20,27,-3.4773821893755543,0.6794039630396886,0.3588079260793773,0.07173072190967567,0.6474378150837246,0.7191685369934002,0,-7,3.4773821893755543,1,False
2025_09_MIN_DET,2025-11-02,9,DET,MIN,24,27,-7.050302781182678,0.928096267570666,0.856192535141332,0.0859613783797597,0.9680352281008462,0.8820738497210865,0,-3,7.050302781182678,1,False
2025_09_NO_LA,2025-11-02,9,LA,NO,34,10,-4.920590483789524,0.8699039750202275,0.7398079500404551,0.17012186715163713,0.9680352281008462,0.7979133609492091,1,24,4.920590483789524,1,True
2025_09_SEA_WAS,2025-11-02,9,WAS,SEA,14,38,3.65456823539101,0.16582679253110846,0.6683464149377831,0.14336637555008386,0.08824333757075552,0.2316097131208394,0,-24,-3.65456823539101,0,True
2025_09_SF_NYG,2025-11-02,9,NYG,SF,24,34,-5.426409441354839,0.7422868288029134,0.4845736576058268,0.2307659342012074,0.5905148633154829,0.8212807975166903,0,-10,5.426409441354839,1,False
2025_09_ARI_DAL,2025-11-03,9,DAL,ARI,17,27,-4.230543554331136,0.6916381024711825,0.38327620494236503,0.1644568998076371,0.5980167583460573,0.7624736581536944,0,-10,4.230543554331136,1,False
2025_10_LV_DEN,2025-11-06,10,DEN,LV,10,7,-4.032378813491574,0.8297678767215912,0.6595357534431825,0.21649570598993906,0.9680352281008462,0.7515395221109071,1,3,4.032378813491574,1,True
2025_10_ARI_SEA,2025-11-09,10,SEA,ARI,44,22,-3.1460978725325375,0.7770101201103989,0.5540202402207979,0.26936876328104686,0.9680352281008462,0.6986664648197993,1,22,3.1460978725325375,1,True
2025_10_ATL_IND,2025-11-09,10,IND,ATL,31,25,-8.847491798191191,0.9517329892339024,0.9034659784678047,0.04036946757348914,0.9680352281008462,0.927665760527357,1,6,8.847491798191191,1,True
2025_10_BAL_MIN,2025-11-09,10,MIN,BAL,19,27,-0.33854121146174876,0.4871919331373286,0.02561613372534277,0.020022764684950622,0.47964941735675737,0.499672182041708,0,-8,0.33854121146174876,0,True
2025_10_BUF_MIA,2025-11-09,10,MIA,BUF,30,13,-0.7323240628456072,0.4189403780595485,0.16211924388090304,0.4409293873183906,0.08824333757075552,0.5291727248891461,1,17,0.7323240628456072,0,False
2025_10_CLE_NYJ,2025-11-09,10,NYJ,CLE,27,20,-2.992988201841507,0.5546798443451374,0.10935968869027479,0.5369158615102982,0.1519929482124137,0.688908809722712,1,7,2.992988201841507,1,True
2025_10_DET_WAS,2025-11-09,10,WAS,DET,22,44,-4.616448305430508,0.6750985187031469,0.3501970374062937,0.43080742732097754,0.35199294821241367,0.7828003755333912,0,-22,4.616448305430508,1,False
2025_10_JAX_HOU,2025-11-09,10,HOU,JAX,36,29,-2.7973411253068625,0.5762291227097528,0.1524582454195056,0.39985360264173314,0.27633892072845284,0.676192523370186,1,7,2.7973411253068625,1,True
2025_10_LA_SF,2025-11-09,10,SF,LA,26,42,-3.6239866773722973,0.6367457409449583,0.27349148188991657,0.36487714087824086,0.36308788528627767,0.7279650261645185,0,-16,3.6239866773722973,1,False
2025_10_NE_TB,2025-11-09,10,TB,NE,23,28,-2.919580484137542,0.5528759966129061,0.10575199322581219,0.5251744397586131,0.15899516679394626,0.6841696065525593,0,-5,2.919580484137542,1,False
2025_10_NO_CAR,2025-11-09,10,CAR,NO,7,17,3.4801295846175155,0.17286147156296536,0.6542770568740692,0.1528101397488873,0.08824333757075552,0.2410534773196428,0,-10,-3.4801295846175155,0,True
2025_10_NYG_CHI,2025-11-09,10,CHI,NYG,24,20,-5.697831528911208,0.8389453280562507,0.6778906561125013,0.00945059588107,0.8423721216313016,0.8329215257502316,1,4,5.697831528911208,1,True
2025_10_PIT_LAC,2025-11-09,10,LAC,PIT,25,10,-6.726744194010252,0.9183124343525801,0.8366248687051603,0.08761810316194285,0.9592146797948559,0.871596576632913,1,15,6.726744194010252,1,True
2025_10_PHI_GB,2025-11-10,10,GB,PHI,7,10,-2.5570170400721612,0.5961995263541785,0.192399052708357,0.13695116941927232,0.5232591199836916,0.6602102894029639,0,-3,2.5570170400721612,1,False
2025_11_NYJ_NE,2025-11-13,11,NE,NYJ,27,14,-2.6041396016477942,0.7095946747975332,0.4191893495950665,0.08643228511608458,0.7498066944686803,0.6633744093525957,1,13,2.6041396016477942,1,True
2025_11_BAL_CLE,2025-11-16,11,CLE,BAL,16,23,-2.825447938311566,0.5305878507997974,0.061175701599594845,0.5897926843053892,0.08824333757075552,0.6780360218761448,0,-7,2.825447938311566,1,False
2025_11_CAR_ATL,2025-11-16,11,ATL,CAR,27,30,-3.6254394539039083,0.5875732363191298,0.17514647263825966,0.5619123604766126,0.16613896596167047,0.7280513264382831,0,-3,3.6254394539039083,1,False
2025_11_CHI_MIN,2025-11-16,11,MIN,CHI,17,19,-6.471455295479727,0.7510177652339052,0.5020355304678104,0.4470435861473542,0.4157350756233895,0.8627786617707437,0,-2,6.471455295479727,1,False
2025_11_CIN_PIT,2025-11-16,11,PIT,CIN,34,12,1.2785250233922052,0.45873858732045725,0.0825228253590855,0.2739347014389334,0.6546693603606674,0.38073465892173397,1,22,-1.2785250233922052,0,False
2025_11_DET_PHI,2025-11-16,11,PHI,DET,16,9,0.17074675981070833,0.5039203312933126,0.007840662586625191,0.07750457310470449,0.5390562103494825,0.461551637244778,1,7,-0.17074675981070833,1,True
2025_11_GB_NYG,2025-11-16,11,NYG,GB,20,27,-4.133262145043746,0.644223637508737,0.288447275017474,0.4516963242332019,0.30545139433383567,0.7571477185670376,0,-7,4.133262145043746,1,False
2025_11_HOU_TEN,2025-11-16,11,TEN,HOU,13,16,-9.47927857301997,0.8284005520572539,0.6568011041145079,0.4439894701664398,0.4954084494324242,0.939397919598864,0,-3,9.47927857301997,1,False
2025_11_KC_DEN,2025-11-16,11,DEN,KC,22,19,-5.053630637289976,0.7251970296402256,0.4503940592804512,0.2333882745249921,0.5708843513088075,0.8042726258337997,1,3,5.053630637289976,1,True
2025_11_LAC_JAX,2025-11-16,11,JAX,LAC,35,6,-5.131388819449022,0.6871594085773443,0.3743188171546885,0.4830373492023271,0.3248813966755989,0.807918745877926,1,29,5.131388819449022,1,True
2025_11_SEA_LA,2025-11-16,11,LA,SEA,21,19,-6.058189844728389,0.8633378078720768,0.7266756157441536,0.025843897756230416,0.8732737148217368,0.8474298170655064,1,2,6.058189844728389,1,True
2025_11_SF_ARI,2025-11-16,11,ARI,SF,22,41,-2.946797013418599,0.6086358254494038,0.2172716508988075,0.20576976771737826,0.48016147700636963,0.6859312447237479,0,-19,2.946797013418599,1,False
2025_11_TB_BUF,2025-11-16,11,BUF,TB,44,32,1.0986132843490795,0.47097300279515997,0.058053994409680065,0.20715722836152684,0.6006968557382674,0.39353962737674053,1,12,-1.0986132843490795,0,False
2025_11_WAS_MIA,2025-11-16,11,MIA,WAS,16,13,-6.481483599379179,0.6929008064922512,0.38580161298450233,0.6809345876182233,0.18219986577858366,0.8631344533968069,1,3,6.481483599379179,1,True
2025_11_DAL_LV,2025-11-17,11,LV,DAL,16,33,-0.4962749344676057,0.4056859713774078,0.1886280572451844,0.4232568450755364,0.08824333757075552,0.5115001826462919,0,-17,0.4962749344676057,0,True
2025_12_BUF_HOU,2025-11-20,12,HOU,BUF,23,19,0.8138746872170023,0.3326368523785343,0.3347262952429314,0.32585801974370504,0.08824333757075552,0.41410135731446057,1,4,-0.8138746872170023,0,False
2025_12_ATL_NO,2025-11-23,12,NO,ATL,10,24,9.088249473155534,0.07546670801128838,0.8490665839774232,0.03248464712638052,0.08824333757075552,0.055758690444374995,0,-14,-9.088249473155534,0,True
2025_12_CLE_LV,2025-11-23,12,LV,CLE,10,24,-3.7070558429218465,0.6567788956421584,0.3135577912843168,0.19533270712907136,0.5375392928478214,0.7328719999768928,0,-14,3.7070558429218465,1,False
2025_12_IND_KC,2025-11-23,12,KC,IND,23,20,-3.2521626834535913,0.6305683465479686,0.2611366930959371,0.18588633404904387,0.5194364907158796,0.7053228247649235,1,3,3.2521626834535913,1,True
2025_12_JAX_ARI,2025-11-23,12,ARI,JAX,24,27,-9.387454496577636,0.8299905990589596,0.6599811981179191,0.43127983371811307,0.5065307237703748,0.9378105574884879,0,-3,9.387454496577636,1,False
2025_12_MIN_GB,2025-11-23,12,GB,MIN,23,6,-5.686689045938397,0.8960734011898979,0.7921468023797957,0.13557940745579622,0.9680352281008462,0.83245582064505,1,17,5.686689045938397,1,True
2025_12_NE_CIN,2025-11-23,12,CIN,NE,20,26,-2.4152359455898984,0.5996846646583444,0.19936932931668871,0.09806461631676722,0.5525398236496695,0.6506044399664367,0,-6,2.4152359455898984,1,False
2025_12_NYG_DET,2025-11-23,12,DET,NYG,34,27,-12.187777709520976,0.9361552162018029,0.8723104324036057,0.06374419278324484,0.9084269859095505,0.9721711786927953,1,7,12.187777709520976,1,True
2025_12_NYJ_BAL,2025-11-23,12,BAL,NYJ,23,10,1.0913661643195829,0.3743652581759431,0.25126948364811375,0.03245867010644077,0.3615999699519172,0.39405864005835795,1,13,-1.0913661643195829,0,False
2025_12_PHI_DAL,2025-11-23,12,DAL,PHI,24,21,2.371570199522034,0.2527710988245253,0.4944578023509494,0.10675253340812402,0.20021290761294502,0.30696544102106904,1,3,-2.371570199522034,0,False
2025_12_PIT_CHI,2025-11-23,12,CHI,PIT,31,28,-6.999514305692117,0.8012680572726198,0.6025361145452397,0.24605851990296113,0.6344211816841355,0.8804797015870967,1,3,6.999514305692117,1,True
2025_12_SEA_TEN,2025-11-23,12,TEN,SEA,24,30,-4.351695330266136,0.6876610004858049,0.37532200097160984,0.3253287867760971,0.44366441040373206,0.7689931971798292,0,-6,4.351695330266136,1,False
2025_12_TB_LA,2025-11-23,12,LA,TB,34,7,-8.465551276091185,0.9479502289319879,0.8959004578639758,0.048445052454550774,0.9680352281008462,0.9195901756462954,1,27,8.465551276091185,1,True
2025_12_CAR_SF,2025-11-24,12,SF,CAR,20,9,-4.20923414396639,0.8181497670017537,0.6362995340035074,0.11418463883261276,0.8754985662536139,0.7613139274210011,1,11,4.20923414396639,1,True
2025_13_CIN_BAL,2025-11-27,13,BAL,CIN,14,32,-3.9249397551824012,0.7803419216051906,0.5606838432103811,0.06137170049388674,0.8068439976067326,0.7454722971128459,0,-18,3.9249397551824012,1,False
2025_13_GB_DET,2025-11-27,13,DET,GB,24,31,-2.572330204714297,0.5861899641802579,0.17237992836051585,0.29966474510640795,0.36157535744676383,0.6612401025531718,0,-7,2.572330204714297,1,False
2025_13_KC_DAL,2025-11-27,13,DAL,KC,31,28,2.4258231405436677,0.22537655851989494,0.5492468829602102,0.21527053072199714,0.08824333757075552,0.3035138682927527,1,3,-2.4258231405436677,0,False
2025_13_CHI_PHI,2025-11-28,13,PHI,CHI,15,24,-1.4909526689247758,0.5158542140980791,0.031708428196158156,0.15796943755512616,0.42729245335180777,0.5852618909069339,0,-9,1.4909526689247758,1,False
2025_13_ARI_TB,2025-11-30,13,TB,ARI,20,17,-9.128904052498644,0.8189601788371863,0.6379203576743726,0.45668015566622366,0.4764500620875186,0.9331302177537423,1,3,9.128904052498644,1,True
2025_13_ATL_NYJ,2025-11-30,13,NYJ,ATL,27,24,-1.3652281798237147,0.49703003168636734,0.00593993662726533,0.2324424074228758,0.34363589206363787,0.5760782994865137,1,3,1.3652281798237147,0,False
2025_13_BUF_PIT,2025-11-30,13,PIT,BUF,7,26,-1.5382845797059923,0.46358908458782816,0.07282183082434368,0.5004609960227635,0.08824333757075552,0.588704333593519,0,-19,1.5382845797059923,0,True
2025_13_DEN_WAS,2025-11-30,13,WAS,DEN,26,27,-2.2161934346066277,0.5232336413439662,0.04646728268793243,0.45471170075384343,0.18219986577858366,0.6369115665324271,0,-1,2.2161934346066277,1,False
2025_13_HOU_IND,2025-11-30,13,IND,HOU,16,20,-2.320053473173841,0.571596299762674,0.14319259952534802,0.1727083817072408,0.47137745268256115,0.6440858343898019,0,-4,2.320053473173841,1,False
2025_13_JAX_TEN,2025-11-30,13,TEN,JAX,3,25,9.697330361472313,0.12580323832531037,0.7483935233493793,0.22877629893352708,0.2756597362236749,0.046883437290147836,0,-22,-9.697330361472313,0,True
2025_13_LA_CAR,2025-11-30,13,CAR,LA,31,28,-1.276203519252063,0.4492181892872478,0.10156362142550435,0.48129980228865643,0.08824333757075552,0.569543139859412,1,3,1.276203519252063,0,False
2025_13_LV_LAC,2025-11-30,13,LAC,LV,31,14,-6.773645938181063,0.8195657945181967,0.6391315890363933,0.10512784860898616,0.7680352281008462,0.8731630767098324,1,17,6.773645938181063,1,True
2025_13_MIN_SEA,2025-11-30,13,SEA,MIN,26,0,-10.721803734476172,0.9641821399209098,0.9283642798418197,0.010582220017005484,0.9680352281008462,0.9574530080838407,1,26,10.721803734476172,1,True
2025_13_NO_MIA,2025-11-30,13,MIA,NO,21,17,-6.065924376761452,0.9066303195937115,0.8132606391874231,0.12030564768128538,0.9680352281008462,0.8477295804195608,1,4,6.065924376761452,1,True
2025_13_SF_CLE,2025-11-30,13,CLE,SF,8,26,-4.406058063057049,0.6246751123020196,0.2493502246040391,0.5888100368873836,0.18306758463648182,0.7718776215238654,0,-18,4.406058063057049,1,False
2025_13_NYG_NE,2025-12-01,13,NE,NYG,33,15,-9.258873972893158,0.9552463283272161,0.9104926566544322,0.032512747077052095,0.9680352281008462,0.9355224810237941,1,18,9.258873972893158,1,True
2025_14_DAL_DET,2025-12-04,14,DET,DAL,44,30,-6.088907036687341,0.7723284953697986,0.5446569907395973,0.19687419508840354,0.6517432621665818,0.8486174572549854,1,14,6.088907036687341,1,True
2025_14_CHI_GB,2025-12-07,14,GB,CHI,28,21,-6.579131646833355,0.9187882963915313,0.8375765927830625,0.10147679536741405,0.9680352281008462,0.8665584327334321,1,7,6.579131646833355,1,True
2025_14_CIN_BUF,2025-12-07,14,BUF,CIN,39,34,-12.16685086079828,0.9694441551078652,0.9388883102157304,0.003965597307648894,0.9680352281008462,0.9720008254084951,1,5,12.16685086079828,1,True
2025_14_DEN_LV,2025-12-07,14,LV,DEN,17,24,-0.35506189243567093,0.39774425843688666,0.2045114831262267,0.41266789448817487,0.08824333757075552,0.5009112320589304,0,-7,0.35506189243567093,0,True
2025_14_HOU_KC,2025-12-07,14,KC,HOU,10,20,-8.134287513857977,0.8089184113891792,0.6178368227783584,0.4120403593901761,0.4998881418465471,0.9119285012367232,0,-10,8.134287513857977,1,False
2025_14_IND_JAX,2025-12-07,14,JAX,IND,36,19,1.2683621820176778,0.30549679395997564,0.3890064120800487,0.29321042782798384,0.08824333757075552,0.3814537653987394,1,17,-1.2683621820176778,0,False
2025_14_LA_ARI,2025-12-07,14,ARI,LA,17,45,-2.7245172335461305,0.5256038277710791,0.051207655542158115,0.583147320267098,0.08824333757075552,0.6713906578378536,0,-28,2.7245172335461305,1,False
2025_14_MIA_NYJ,2025-12-07,14,NYJ,MIA,10,34,-3.2703908715610064,0.5862050627902474,0.17241012558049484,0.4810122491733187,0.2254458759102584,0.7064581250835771,0,-24,3.2703908715610064,1,False
2025_14_NO_TB,2025-12-07,14,TB,NO,20,24,-3.5655076960353935,0.8036956546405104,0.6073913092810208,0.2435582744487531,0.9680352281008462,0.7244769536520931,0,-4,3.5655076960353935,1,False
2025_14_PIT_BAL,2025-12-07,14,BAL,PIT,22,27,-8.327202960388755,0.8248061620927344,0.6496123241854688,0.36664425679720514,0.5498229694948306,0.9164672262920357,0,-5,8.327202960388755,1,False
2025_14_SEA_ATL,2025-12-07,14,ATL,SEA,9,37,0.16847787787583401,0.5388498777602696,0.0776997555205392,0.28333857637953086,0.7450593779794777,0.4617208015999469,0,-28,-0.16847787787583401,1,False
2025_14_TEN_CLE,2025-12-07,14,CLE,TEN,29,31,-6.782853710714934,0.6960240574332448,0.3920481148664896,0.7097785216690127,0.1636901661814854,0.873468687850498,0,-2,6.782853710714934,1,False
2025_14_WAS_MIN,2025-12-07,14,MIN,WAS,31,0,-2.666015652389304,0.5226910827929011,0.045382165585802214,0.579263660296194,0.08824333757075552,0.6675069978669496,1,31,2.666015652389304,1,True
2025_14_PHI_LAC,2025-12-08,14,LAC,PHI,22,19,-6.132712362855132,0.7717291952231728,0.5434583904463457,0.22167120066630208,0.6286267800501805,0.8502979807164825,1,3,6.132712362855132,1,True
2025_15_ATL_TB,2025-12-11,15,TB,ATL,28,29,-1.4398084485552325,0.6601644610926086,0.32032892218521725,0.26473387465837817,0.8462666830785581,0.58153280842018,0,-1,1.4398084485552325,1,False
2025_15_ARI_HOU,2025-12-14,15,HOU,ARI,40,20,-11.350364295630333,0.8857341648026158,0.7714683296052316,0.26206981728798184,0.7024356099073472,0.9645054271953291,1,20,11.350364295630333,1,True
2025_15_BAL_CIN,2025-12-14,15,CIN,BAL,0,24,1.7788103444621033,0.27960227667610416,0.4407954466477917,0.14582145161017468,0.20021290761294502,0.3460343592231197,0,-24,-1.7788103444621033,0,True
2025_15_BUF_NE,2025-12-14,15,NE,BUF,31,35,-5.823299647630329,0.7612817204167516,0.5225634408335031,0.20126873168831538,0.6368255278519438,0.8380942595402592,0,-4,5.823299647630329,1,False
2025_15_CAR_NO,2025-12-14,15,NO,CAR,20,17,4.8759791885136154,0.12739137060756545,0.7452172587848691,0.0845915791213719,0.08824333757075552,0.17283491669212742,1,3,-4.8759791885136154,0,False
2025_15_CLE_CHI,2025-12-14,15,CHI,CLE,31,3,-5.046739332717918,0.8168473102638523,0.6336946205277045,0.020728001301795085,0.8246749774367702,0.8039469761349751,1,28,5.046739332717918,1,True
2025_15_DET_LA,2025-12-14,15,LA,DET,41,34,-3.085757102376719,0.6590992202326417,0.31819844046528334,0.06317539998260258,0.6316663220214483,0.6948417220040509,1,7,3.085757102376719,1,True
2025_15_GB_DEN,2025-12-14,15,DEN,GB,34,26,-5.206958499431949,0.639877612969401,0.2797552259388021,0.6861392105004561,0.12527320509405895,0.811412415594515,1,8,5.206958499431949,1,True
2025_15_IND_SEA,2025-12-14,15,SEA,IND,18,16,-0.716435565092756,0.47774756488041065,0.04450487023917871,0.09631865918711596,0.43166632202144833,0.5279849812085643,1,2,0.716435565092756,0,False
2025_15_LAC_KC,2025-12-14,15,KC,LAC,13,16,-4.7237866399864314,0.7913492187824924,0.5826984375649849,0.0048540087739279425,0.7930795370549371,0.7882255282810091,0,-3,4.7237866399864314,1,False
2025_15_LV_PHI,2025-12-14,15,PHI,LV,31,0,-9.351288419617521,0.9559642400938718,0.9119284801877436,0.030860466982335244,0.9680352281008462,0.937174761118511,1,31,9.351288419617521,1,True
2025_15_MIN_DAL,2025-12-14,15,DAL,MIN,26,34,-11.509312158870612,0.8950194418821646,0.7900388837643293,0.16563481849536288,0.8004673979447986,0.9661022164401615,0,-8,11.509312158870612,1,False
2025_15_NYJ_JAX,2025-12-14,15,JAX,NYJ,48,20,-2.809809733663085,0.5958959555068328,0.19179191101366566,0.32446020475557885,0.3525508019401487,0.6770110066957276,1,28,2.809809733663085,1,True
2025_15_TEN_SF,2025-12-14,15,SF,TEN,37,24,-14.521112296765368,0.974746949814285,0.94949389962857,0.017949040831632512,0.9680352281008462,0.9859842689324787,1,13,14.521112296765368,1,True
2025_15_WAS_NYG,2025-12-14,15,NYG,WAS,21,29,-2.63807001689869,0.5905932080888846,0.1811864161777692,0.2996623470404757,0.36598135697964285,0.6656437040201185,0,-8,2.63807001689869,1,False
2025_15_MIA_PIT,2025-12-15,15,PIT,MIA,28,15,-0.3560363685779867,0.3977990725228406,0.20440185495431884,0.4127409799361135,0.08824333757075552,0.500984317506869,1,13,0.3560363685779867,0,False
2025_16_LA_SEA,2025-12-18,16,SEA,LA,38,37,-5.641478260283433,0.8947164756801226,0.7894329513602452,0.13747965377036964,0.9680352281008462,0.8305555743304766,1,1,5.641478260283433,1,True
2025_16_GB_CHI,2025-12-20,16,CHI,GB,22,16,-2.371433744511395,0.5958648642727641,0.19172972854552817,0.10020862853397561,0.5474028186423255,0.6476114471763011,1,6,2.371433744511395,1,True
2025_16_PHI_WAS,2025-12-20,16,WAS,PHI,18,29,-7.141085330902029,0.8155299382734171,0.6310598765468343,0.15770682784248136,0.7271706237976979,0.8848774516401793,0,-11,7.141085330902029,1,False
2025_16_ATL_ARI,2025-12-21,16,ARI,ATL,19,26,-1.4173288161393898,0.4821674682265589,0.03566506354688215,0.3908932071494255,0.18899756286448982,0.5798907700139153,0,-7,1.4173288161393898,0,True
2025_16_BUF_CLE,2025-12-21,16,CLE,BUF,20,23,-3.367788323010149,0.5564213633574772,0.11284272671495432,0.6242373677156288,0.08824333757075552,0.7124807052863843,0,-3,3.367788323010149,1,False
2025_16_CIN_MIA,2025-12-21,16,MIA,CIN,21,45,5.862707329100768,0.21065083517804953,0.578698329643901,0.291770230565549,0.42627690580168986,0.13450667523614085,0,-24,-5.862707329100768,0,True
2025_16_JAX_DEN,2025-12-21,16,DEN,JAX,20,34,-6.841591542798188,0.7765971414747006,0.5531942829494012,0.39522518128484085,0.48017825551106996,0.8754034367959108,0,-14,6.841591542798188,1,False
2025_16_KC_TEN,2025-12-21,16,TEN,KC,26,9,6.507811108297727,0.09794467706659796,0.8041106458668041,0.025282958580235854,0.08824333757075552,0.11352629615099137,1,17,-6.507811108297727,0,False
2025_16_LAC_DAL,2025-12-21,16,DAL,LAC,17,34,3.2312516358224572,0.20162277847389312,0.5967544430522138,0.10446809908921528,0.15050749882291564,0.2549755979121309,0,-17,-3.2312516358224572,0,True
2025_16_LV_HOU,2025-12-21,16,HOU,LV,23,21,-12.502371074665747,0.970395450987786,0.940790901975572,0.006578624259276578,0.9680352281008462,0.9746138523601228,1,2,12.502371074665747,1,True
2025_16_MIN_NYG,2025-12-21,16,NYG,MIN,13,16,1.5588600066629885,0.3273451957135383,0.34530960857292337,0.059122433573476185,0.3019917277606215,0.3611141613340977,0,-3,-1.5588600066629885,0,True
2025_16_NE_BAL,2025-12-21,16,BAL,NE,24,28,-3.4151372758070013,0.5585971529513408,0.11719430590268165,0.6271384205074471,0.08824333757075552,0.7153817580782026,0,-4,3.4151372758070013,1,False
2025_16_NYJ_NO,2025-12-21,16,NO,NYJ,29,6,-5.132146260316283,0.6780263394076199,0.35605267881523983,0.5197106691158192,0.2882433375707555,0.8079540066865747,1,23,5.132146260316283,1,True
2025_16_PIT_DET,2025-12-21,16,DET,PIT,24,29,-1.6633347726188652,0.604599509076179,0.20919901815235797,0.010765074158163634,0.6085218007937107,0.597756726635547,0,-5,1.6633347726188652,1,False
2025_16_TB_CAR,2025-12-21,16,CAR,TB,23,20,0.20095569988549825,0.38712714382930863,0.22574571234138274,0.17105682624432222,0.2882433375707555,0.4593001638150777,1,3,-0.20095569988549825,0,False
2025_16_SF_IND,2025-12-22,16,IND,SF,27,48,-4.824705747616325,0.7957916717775763,0.5915833435551525,0.0039652274982155955,0.7972004654407685,0.7932352379425529,0,-21,4.824705747616325,1,False
2025_17_DAL_WAS,2025-12-25,17,WAS,DAL,23,30,-0.23211476152802532,0.41453511859813097,0.17092976280373806,0.3086233786155322,0.18306758463648182,0.491690963252014,0,-7,0.23211476152802532,0,True
2025_17_DEN_KC,2025-12-25,17,KC,DEN,13,20,0.3467427312547776,0.47114473531596657,0.057710529368066865,0.03783686834071265,0.48629647737632586,0.4484596090356132,0,-7,-0.3467427312547776,0,True
2025_17_DET_MIN,2025-12-25,17,MIN,DET,23,10,2.6586286764219413,0.2245214431470885,0.550957113705823,0.13844801768483517,0.15050749882291564,0.2889555165077508,1,13,-2.6586286764219413,0,False
2025_17_BAL_GB,2025-12-27,17,GB,BAL,24,41,-4.204811774628729,0.8384870804934339,0.6769741609868678,0.2069624675489643,0.9680352281008462,0.7610727605518819,0,-17,4.204811774628729,1,False
2025_17_HOU_LAC,2025-12-27,17,LAC,HOU,16,20,-3.623269544144795,0.6487690591350951,0.29753811827019017,0.2507530161424016,0.4771694033459058,0.7279224194883074,0,-4,3.623269544144795,1,False
2025_17_ARI_CIN,2025-12-28,17,CIN,ARI,37,14,-8.921967026732132,0.911409096511,0.822818193022,0.029022662444977754,0.9001280780747308,0.9291507405197086,1,23,8.921967026732132,1,True
2025_17_CHI_SF,2025-12-28,17,SF,CHI,42,38,-1.8702357597007546,0.6907814092166539,0.38156281843330775,0.3127800796363117,0.9253664689438876,0.6125863893075759,1,4,1.8702357597007546,1,True
2025_17_JAX_IND,2025-12-28,17,IND,JAX,17,23,-5.979759723600557,0.6553329027830661,0.3106658055661322,0.7561194202830807,0.08824333757075552,0.8443627578538362,0,-6,5.979759723600557,1,False
2025_17_NE_NYJ,2025-12-28,17,NYJ,NE,10,42,3.3718630072493663,0.27156105583667095,0.4568778883266581,0.04119788720237608,0.2882433375707555,0.2470454503683794,0,-32,-3.3718630072493663,0,True
2025_17_NO_TEN,2025-12-28,17,TEN,NO,26,34,-1.2258703130399504,0.4701449128075651,0.05971017438486981,0.38276977089477776,0.18306758463648182,0.5658373555312596,0,-8,1.2258703130399504,0,True
2025_17_NYG_LV,2025-12-28,17,LV,NYG,10,34,-6.975846390293893,0.7451270138868109,0.4902540277736218,0.5384138297864749,0.34131664154695474,0.8797304713334296,0,-24,6.975846390293893,1,False
2025_17_PHI_BUF,2025-12-28,17,BUF,PHI,12,13,-10.377089506458775,0.870929452938526,0.7418589058770519,0.32842294571783015,0.6246122436501533,0.9530351893679835,0,-1,10.377089506458775,1,False
2025_17_PIT_CLE,2025-12-28,17,CLE,PIT,13,6,-1.2044650440251732,0.4732475768391959,0.053504846321608235,0.36404622563500116,0.20021290761294502,0.5642591332479462,1,7,1.2044650440251732,0,False
2025_17_SEA_CAR,2025-12-28,17,CAR,SEA,10,27,-2.689911586826265,0.5872866356459904,0.17457327129198075,0.3272379853339631,0.34185814664551806,0.6690961319794811,0,-17,2.689911586826265,1,False
2025_17_TB_MIA,2025-12-28,17,MIA,TB,20,17,-1.4525587397235564,0.5032769196779291,0.006553839355858182,0.2388274692016773,0.34363589206363787,0.5824633612653152,1,3,1.4525587397235564,1,True
2025_17_LA_ATL,2025-12-29,17,ATL,LA,27,24,-0.6106826001227977,0.41211482946920797,0.17577034106158407,0.4318286558646033,0.08824333757075552,0.5200719934353588,1,3,0.6106826001227977,0,False
2025_18_CAR_TB,2026-01-03,18,TB,CAR,16,14,-1.2584775810596716,0.4677139415138391,0.06457211697232179,0.40209996740289156,0.16613896596167047,0.568238933364562,1,2,1.2584775810596716,0,False
2025_18_SEA_SF,2026-01-03,18,SF,SEA,3,13,-7.757034779363596,0.8210723087783769,0.6421446175567538,0.3253306378679046,0.5770743303774484,0.902404968245353,0,-10,7.757034779363596,1,False
2025_18_ARI_LA,2026-01-04,18,LA,ARI,37,20,-7.955586979891871,0.94197550931492,0.88395101862984,0.06050857631262452,0.9680352281008462,0.9075266517882217,1,17,7.955586979891871,1,True
2025_18_BAL_PIT,2026-01-04,18,PIT,BAL,26,24,-3.6481817119798072,0.638445263521577,0.2768905270431541,0.36381919499894455,0.3655808672723686,0.7294000622713132,1,2,3.6481817119798072,1,True
2025_18_CLE_CIN,2026-01-04,18,CIN,CLE,18,20,-15.74334074021685,0.9764661736367983,0.9529323472735967,0.02220934853232026,0.9680352281008462,0.9902445766331665,0,-2,15.74334074021685,1,False
2025_18_DAL_NYG,2026-01-04,18,NYG,DAL,34,17,-2.2207986127803063,0.5499997659738123,0.09999953194762456,0.34892492615525306,0.2883060713573725,0.6372309975126256,1,17,2.2207986127803063,1,True
2025_18_DET_CHI,2026-01-04,18,CHI,DET,16,19,-5.724219766671956,0.8971833396036841,0.7943666792073683,0.13401492205504972,0.9680352281008462,0.8340203060457965,0,-3,5.724219766671956,1,False
2025_18_GB_MIN,2026-01-04,18,MIN,GB,16,3,2.50631629026176,0.23476736206669171,0.5304652758666166,0.13574790527218675,0.16268560350704422,0.29843350877923097,1,13,-2.50631629026176,0,False
2025_18_IND_HOU,2026-01-04,18,HOU,IND,38,30,-2.648751852976137,0.5764000835368994,0.15280016707379884,0.359825813022033,0.3065307237703747,0.6663565367924077,1,8,2.648751852976137,1,True
2025_18_KC_LV,2026-01-04,18,LV,KC,14,12,3.6762866783014756,0.26356334884948146,0.4728733023010371,0.0577911437781615,0.2882433375707555,0.230452193792594,1,2,-3.6762866783014756,0,False
2025_18_LAC_DEN,2026-01-04,18,DEN,LAC,19,3,-7.794428675042728,0.9137707461144468,0.8275414922288935,0.016533403912673106,0.9199219087438019,0.9033885048311288,1,16,7.794428675042728,1,True
2025_18_MIA_NE,2026-01-04,18,NE,MIA,38,10,-8.805243566962375,0.951340673483035,0.9026813469660699,0.04122457338216101,0.9680352281008462,0.9268106547186852,1,28,8.805243566962375,1,True
2025_18_NO_ATL,2026-01-04,18,ATL,NO,19,17,-6.8703423043699425,0.7619311461351216,0.5238622922702432,0.45764008675765006,0.41870108106688403,0.8763411678245341,1,2,6.8703423043699425,1,True
2025_18_NYJ_BUF,2026-01-04,18,BUF,NYJ,35,8,-8.93961818376255,0.9525672855539105,0.9051345711078209,0.038536687965228356,0.9680352281008462,0.9294985401356178,1,27,8.93961818376255,1,True
2025_18_TEN_JAX,2026-01-04,18,JAX,TEN,41,7,-11.211813798774589,0.9662589526714385,0.9325179053428769,0.004980573191394,0.9680352281008462,0.9630546549094522,1,34,11.211813798774589,1,True
2025_18_WAS_PHI,2026-01-04,18,PHI,WAS,17,24,-9.69174200436691,0.8815811021607167,0.7631622043214334,0.1279700693946495,0.8149564596580943,0.9429265290527438,0,-7,9.69174200436691,1,False
2025_19_GB_CHI,2026-01-10,19,CHI,GB,31,27,-8.788465006757427,0.8550404091893739,0.7100808183787477,0.16731041990938555,0.7591580600740824,0.9264684799834679,1,4,8.788465006757427,1,True
2025_19_LA_CAR,2026-01-10,19,CAR,LA,31,34,6.495115381255925,0.09810510762021277,0.8037897847595745,0.025666825219900935,0.08824333757075552,0.11391016279065645,0,-3,-6.495115381255925,0,True
2025_19_BUF_JAX,2026-01-11,19,JAX,BUF,24,27,-1.1056714816303395,0.6276743821036235,0.25534876420724695,0.16389232808587273,0.7208509572075554,0.5569586291216827,0,-3,1.1056714816303395,1,False
2025_19_LAC_NE,2026-01-11,19,NE,LAC,16,3,-11.237691703595548,0.9165253168886717,0.8330506337773433,0.087831321605228,0.8754985662536139,0.9633298878588419,1,13,11.237691703595548,1,True
2025_19_SF_PHI,2026-01-11,19,PHI,SF,19,23,-1.4754269790953696,0.5085365573264738,0.017073114652947696,0.295887539109815,0.2882433375707555,0.5841308766805705,0,-4,1.4754269790953696,1,False
2025_19_HOU_PIT,2026-01-12,19,PIT,HOU,6,30,-2.269759714573546,0.5456725697096938,0.0913451394193876,0.37978801379776417,0.2608315593613707,0.6406195731591349,0,-24,2.269759714573546,1,False
2025_20_BUF_DEN,2026-01-17,20,DEN,BUF,33,30,-4.033879528188482,0.6120881411983901,0.2241762823967801,0.5581417558756585,0.1934818242916462,0.7516235801673047,1,3,4.033879528188482,1,True
2025_20_SF_SEA,2026-01-17,20,SEA,SF,41,6,-1.8942072450774692,0.5453407014947874,0.09068140298957483,0.1559957461290955,0.4582959599357731,0.6142917060648686,1,35,1.8942072450774692,1,True
2025_20_HOU_NE,2026-01-18,20,NE,HOU,28,16,-7.9317048828136345,0.8193118657430865,0.6386237314861729,0.35044703083891104,0.5564765926139031,0.9069236234528142,1,12,7.9317048828136345,1,True
2025_20_LA_CHI,2026-01-18,20,CHI,LA,17,20,-0.4947726760883894,0.46510755901387607,0.06978488197224786,0.08657477121751139,0.4248128010725945,0.5113875722901059,0,-3,0.4947726760883894,0,True
2025_21_LA_SEA,2026-01-25,21,SEA,LA,31,27,-2.8919322723923226,0.5869470437254055,0.17389408745081103,0.3817102019770948,0.30066439224258434,0.6823745942196792,1,4,2.8919322723923226,1,True
2025_21_NE_DEN,2026-01-25,21,DEN,NE,7,10,-5.7501389656245365,0.6688744734143612,0.3377489468287225,0.6648777623128733,0.17021615167970627,0.8350939139925796,0,-3,5.7501389656245365,1,False
2025_22_SEA_NE,2026-02-08,22,NE,SEA,13,29,-6.727315602671801,0.877097658961854,0.754195317923708,0.008584869648204152,0.8802006299878944,0.8716157603396902,0,-16,6.727315602671801,1,False
