player,player_id,country,amateur,exp_sg_per_round,baseline_cut_rate,starts_before,confidence,source,sim_win_pct,sim_top5_pct,sim_top10_pct,sim_top20_pct,best_calibrated_target_win_prob,best_calibrated_target_top10_prob,best_calibrated_target_top20_prob,best_calibrated_target_made_cut_prob,best_calibrated_target_win_model,best_calibrated_target_top10_model,best_calibrated_target_top20_model,best_calibrated_target_made_cut_model,projected_score_to_par,projected_total_strokes,quality_flags
Xander Schauffele,10140,USA,False,1.279314746242736,0.8186272674089561,20,0.55,masters_prediction_fallback,7.2059999999999995,23.672,36.034,52.158,0.07206,0.4036907643119385,0.5506032577792526,0.8730143951696642,mc_baseline,mc_logit_baseline,mc_logit_baseline,cut_logit_baseline,-5.117258984970944,282.88274101502907,"[""fallback_source""]"
Jordan Spieth,5467,USA,False,1.2479445214742522,0.7672989412940915,20,0.55,masters_prediction_fallback,6.909999999999999,22.466,34.486,50.488,0.0691,0.3897360113438777,0.5357714306237474,0.8587012220635183,mc_baseline,mc_logit_baseline,mc_logit_baseline,cut_logit_baseline,-4.991778085897009,283.008221914103,"[""fallback_source""]"
Hideki Matsuyama,5860,Japan,False,1.0556121500663034,0.7448528056809423,20,0.55,masters_prediction_fallback,5.0200000000000005,18.092,28.939999999999998,44.496,0.0502,0.33373321622599217,0.4784945648745722,0.8242199233295051,mc_baseline,mc_logit_baseline,mc_logit_baseline,cut_logit_baseline,-4.2224486002652135,283.77755139973476,"[""fallback_source""]"
Akshay Bhatia,4419142,USA,False,0.8526048898518237,0.7813104101290579,20,0.55,masters_prediction_fallback,3.74,14.122000000000002,23.669999999999998,38.326,0.0374,0.2792452597633115,0.4188086719419857,0.7979810459908793,mc_baseline,mc_logit_baseline,mc_logit_baseline,cut_logit_baseline,-3.410419559407295,284.5895804405927,"[""fallback_source""]"
Russell Henley,5409,USA,False,0.8424062328361588,0.7384897784911736,20,0.55,masters_prediction_fallback,3.688,14.024000000000001,23.618,38.275999999999996,0.03688,0.2781177403862931,0.4178808729128722,0.7840117147388803,mc_baseline,mc_logit_baseline,mc_logit_baseline,cut_logit_baseline,-3.369624931344635,284.6303750686554,"[""fallback_source""]"
Patrick Cantlay,6007,USA,False,0.8089729933983808,0.7331197852262226,20,0.55,masters_prediction_fallback,3.4939999999999998,13.626,22.938,37.228,0.03494,0.2706124100892223,0.40776216805297616,0.7758463210440725,mc_baseline,mc_logit_baseline,mc_logit_baseline,cut_logit_baseline,-3.235891973593523,284.76410802640646,"[""fallback_source""]"
Cameron Young,4425906,USA,False,0.6575638346395188,0.7899998088696589,20,0.55,masters_prediction_fallback,2.638,10.808,19.040000000000003,32.112,0.02638,0.23076214675988554,0.3589178257583965,0.7620946916712985,mc_baseline,mc_logit_baseline,mc_logit_baseline,cut_logit_baseline,-2.6302553385580754,285.3697446614419,"[""fallback_source""]"
Rasmus Højgaard,11253,Denmark,False,0.6188084225878748,0.7325045043917399,20,0.55,masters_prediction_fallback,2.484,10.086,18.060000000000002,31.352000000000004,0.02484,0.2207792966379901,0.35080344218592946,0.7353400680178768,mc_baseline,mc_logit_baseline,mc_logit_baseline,cut_logit_baseline,-2.4752336903514993,285.5247663096485,"[""fallback_source""]"
Nicolai Højgaard,11250,Denmark,False,0.4661715670420995,0.6912546743033119,20,0.55,masters_prediction_fallback,1.952,8.402,15.542,27.413999999999998,0.01952,0.19191741757739458,0.31130319654134253,0.6848670780257284,mc_baseline,mc_logit_baseline,mc_logit_baseline,cut_logit_baseline,-1.864686268168398,286.1353137318316,"[""fallback_source""]"
Christiaan Bezuidenhout,9243,South Africa,False,0.4574228849816367,0.7072112074860515,20,0.55,masters_prediction_fallback,1.714,8.262,15.174000000000001,27.1,0.01714,0.18860593074377824,0.30833500777998757,0.6885384721788578,mc_baseline,mc_logit_baseline,mc_logit_baseline,cut_logit_baseline,-1.8296915399265468,286.17030846007344,"[""fallback_source""]"
Corey Conners,9126,Canada,False,0.3756130376924849,0.692806712716415,20,0.55,masters_prediction_fallback,1.6660000000000001,7.344,13.644,24.626,0.01666,0.1720881975594633,0.28429681589857575,0.6625606711466372,mc_baseline,mc_logit_baseline,mc_logit_baseline,cut_logit_baseline,-1.5024521507699395,286.49754784923005,"[""fallback_source""]"
Harris English,5408,USA,False,0.3046544409021978,0.6543821724895237,20,0.55,masters_prediction_fallback,1.358,6.586,12.544,22.938,0.01358,0.15963728093605103,0.26714663368367614,0.6289703876995985,mc_baseline,mc_logit_baseline,mc_logit_baseline,cut_logit_baseline,-1.2186177636087911,286.7813822363912,"[""fallback_source""]"
Taylor Pendrith,9658,Canada,False,0.1786187536457378,0.6450115819281951,20,0.55,masters_prediction_fallback,1.118,5.26,10.264,20.07,0.01118,0.13548912216539766,0.23784094074984505,0.5907172540924948,mc_baseline,mc_logit_baseline,mc_logit_baseline,cut_logit_baseline,-0.7144750145829512,287.28552498541706,"[""fallback_source""]"
Denny McCarthy,10054,USA,False,0.119295062298884,0.6050649245492463,20,0.55,masters_prediction_fallback,0.988,4.878,9.678,19.008,0.00988,0.12796433160865223,0.22641289794167951,0.5574451480515762,mc_baseline,mc_logit_baseline,mc_logit_baseline,cut_logit_baseline,-0.477180249195536,287.52281975080444,"[""fallback_source""]"
Wyndham Clark,11119,USA,False,0.1212268317604055,0.6279286033927748,20,0.55,masters_prediction_fallback,0.9520000000000001,5.013999999999999,9.948,18.808,0.00952,0.13008933470820513,0.2249076673750032,0.5675567111784169,mc_baseline,mc_logit_baseline,mc_logit_baseline,cut_logit_baseline,-0.484907327041622,287.51509267295836,"[""fallback_source""]"
Tony Finau,2230,USA,False,0.0433885075328024,0.5585515576340663,20,0.55,masters_prediction_fallback,0.8240000000000001,4.14,8.596,17.233999999999998,0.00824,0.11602209424724785,0.20853761552356292,0.5161030369186446,mc_baseline,mc_logit_baseline,mc_logit_baseline,cut_logit_baseline,-0.1735540301312096,287.8264459698688,"[""fallback_source""]"
Nick Taylor,3792,Canada,False,0.0152255408409045,0.5423470440601695,20,0.55,masters_prediction_fallback,0.7779999999999999,4.17,8.476,16.908,0.00778,0.1137528505019372,0.2045842237404989,0.5011248348197249,mc_baseline,mc_logit_baseline,mc_logit_baseline,cut_logit_baseline,-0.060902163363618,287.9390978366364,"[""fallback_source""]"
J.J. Spaun,10166,USA,False,0.0510416720921986,0.6061328727420533,20,0.55,masters_prediction_fallback,0.758,4.348,8.642,17.36,0.00758,0.11674392420763142,0.20991326363233653,0.538454859893044,mc_baseline,mc_logit_baseline,mc_logit_baseline,cut_logit_baseline,-0.2041666883687944,287.7958333116312,"[""fallback_source""]"
Keegan Bradley,4513,USA,False,-0.0470319603444242,0.546836427436616,20,0.55,masters_prediction_fallback,0.672,3.84,7.596,15.466,0.00672,0.10422316861294828,0.19011778300916243,0.48513817217015104,mc_baseline,mc_logit_baseline,mc_logit_baseline,cut_logit_baseline,0.1881278413776968,288.1881278413777,"[""fallback_source""]"
Chris Kirk,3449,USA,False,-0.0332209992562564,0.6015867050770487,20,0.55,masters_prediction_fallback,0.67,3.804,7.698,15.586,0.0067,0.1056265560299459,0.1917225104562227,0.5123707872034552,mc_baseline,mc_logit_baseline,mc_logit_baseline,cut_logit_baseline,0.1328839970250256,288.13288399702503,"[""fallback_source""]"
Sungjae Im,11382,South Korea,False,-0.0522268096306321,0.5894163583915191,20,0.55,masters_prediction_fallback,0.6479999999999999,3.6519999999999997,7.674,15.526000000000002,0.00648,0.10456974093323922,0.19035608438143814,0.5017367375629417,mc_baseline,mc_logit_baseline,mc_logit_baseline,cut_logit_baseline,0.2089072385225284,288.20890723852256,"[""fallback_source""]"
Nico Echavarria,4408316,Colombia,False,-0.0174161193806505,0.588989538663067,20,0.55,masters_prediction_fallback,0.638,3.8760000000000003,7.736,15.798000000000002,0.00638,0.10665015841419984,0.19416010658627167,0.5115613584831622,mc_baseline,mc_logit_baseline,mc_logit_baseline,cut_logit_baseline,0.069664477522602,288.0696644775226,"[""fallback_source""]"
Max Greyserman,11101,USA,False,-0.061812477670774,0.594124161112281,20,0.55,masters_prediction_fallback,0.62,3.582,7.438000000000001,15.214,0.0062,0.10236221696035769,0.18741526811451759,0.5009816798809817,mc_baseline,mc_logit_baseline,mc_logit_baseline,cut_logit_baseline,0.247249910683096,288.2472499106831,"[""fallback_source""]"
Davis Thompson,4602218,USA,False,-0.1052439332234035,0.6136714940688234,20,0.55,masters_prediction_fallback,0.614,3.366,7.02,14.26,0.00614,0.09728418819614298,0.1777872780045578,0.4968027977547613,mc_baseline,mc_logit_baseline,mc_logit_baseline,cut_logit_baseline,0.420975732893614,288.4209757328936,"[""fallback_source""]"
Matt McCarty,4901368,USA,False,-0.1160424000002268,0.618705358909337,20,0.55,masters_prediction_fallback,0.5660000000000001,3.356,6.7780000000000005,14.096,0.00566,0.09499605029272797,0.17598404693621672,0.4958376836892256,mc_baseline,mc_logit_baseline,mc_logit_baseline,cut_logit_baseline,0.4641696000009072,288.4641696000009,"[""fallback_source""]"
Aldrich Potgieter,5080439,South Africa,False,-0.2518067034815454,0.5,0,0.35,field_only_baseline,0.51,2.658,5.614,11.892,0.0051,0.08065057953260128,0.15235618209830806,0.4074353505285402,mc_baseline,mc_logit_baseline,mc_logit_baseline,cut_logit_baseline,1.0072268139261815,289.0072268139262,"[""low_history"", ""fallback_source""]"
Webb Simpson,1614,USA,False,-0.2523067138384345,0.5,0,0.35,field_only_baseline,0.508,2.5340000000000003,5.412,11.82,0.00508,0.07911602166651671,0.15175873810887164,0.40729653176878744,mc_baseline,mc_logit_baseline,mc_logit_baseline,cut_logit_baseline,1.009226855353738,289.00922685535375,"[""low_history"", ""fallback_source""]"
Beau Hossler,6011,USA,False,-0.23850499846588472,0.5,0,0.35,field_only_baseline,0.504,2.818,5.854,12.18,0.00504,0.08297386003621317,0.15523241784482686,0.4111336876550305,mc_baseline,mc_logit_baseline,mc_logit_baseline,cut_logit_baseline,0.9540199938635389,288.95401999386354,"[""low_history"", ""fallback_source""]"
Joel Dahmen,6196,USA,False,-0.2361542001858247,0.5,0,0.35,field_only_baseline,0.498,2.7279999999999998,5.748,12.203999999999999,0.00498,0.08227193846915404,0.1555259010914169,0.4117883495487875,mc_baseline,mc_logit_baseline,mc_logit_baseline,cut_logit_baseline,0.9446168007432988,288.9446168007433,"[""low_history"", ""fallback_source""]"
Harry Hall,4589438,England,False,-0.24989321491329308,0.5,0,0.35,field_only_baseline,0.486,2.67,5.724,11.998000000000001,0.00486,0.08155050047994873,0.15328629053250273,0.40796673205718426,mc_baseline,mc_logit_baseline,mc_logit_baseline,cut_logit_baseline,0.9995728596531723,288.9995728596532,"[""low_history"", ""fallback_source""]"
Matt Kuchar,257,USA,False,-0.24736966641907804,0.5,0,0.35,field_only_baseline,0.482,2.576,5.468,11.752,0.00482,0.07972948971555564,0.1514266845796998,0.4086678580401673,mc_baseline,mc_logit_baseline,mc_logit_baseline,cut_logit_baseline,0.9894786656763122,288.9894786656763,"[""low_history"", ""fallback_source""]"
Chandler Blanchet,4618114,USA,False,-0.2583640301235402,0.5,0,0.35,field_only_baseline,0.47600000000000003,2.59,5.79,12.216000000000001,0.00476,0.0817147345021377,0.15466734056428444,0.4056160099493933,mc_baseline,mc_logit_baseline,mc_logit_baseline,cut_logit_baseline,1.0334561204941608,289.0334561204942,"[""low_history"", ""fallback_source""]"
Séamus Power,6001,Ireland,False,-0.25212416420158096,0.5,0,0.35,field_only_baseline,0.47600000000000003,2.588,5.55,11.788,0.00476,0.08015816114053614,0.1515105665733171,0.4073472116332444,mc_baseline,mc_logit_baseline,mc_logit_baseline,cut_logit_baseline,1.0084966568063238,289.0084966568063,"[""low_history"", ""fallback_source""]"
Stephan Jaeger,6937,Germany,False,-0.1969420669503339,0.5769961825136131,20,0.55,masters_prediction_fallback,0.47200000000000003,2.762,6.038,12.867999999999999,0.00472,0.0860262483447121,0.16254612324495876,0.45497483288239027,mc_baseline,mc_logit_baseline,mc_logit_baseline,cut_logit_baseline,0.7877682678013356,288.7877682678013,"[""fallback_source""]"
Chris Gotterup,4690755,USA,False,-0.26397627117786937,0.5,0,0.35,field_only_baseline,0.47200000000000003,2.588,5.662,11.966000000000001,0.00472,0.08053686977788499,0.15242763596992645,0.40406093843267904,mc_baseline,mc_logit_baseline,mc_logit_baseline,cut_logit_baseline,1.0559050847114775,289.05590508471147,"[""low_history"", ""fallback_source""]"
Alejandro Tosti,4358081,Argentina,False,-0.23538993631964317,0.5,0,0.35,field_only_baseline,0.468,2.708,5.778,12.235999999999999,0.00468,0.08252723790257047,0.1558149168680526,0.41200125289567185,mc_baseline,mc_logit_baseline,mc_logit_baseline,cut_logit_baseline,0.9415597452785727,288.9415597452786,"[""low_history"", ""fallback_source""]"
Mac Meissner,4791222,USA,False,-0.26026055485831123,0.5,0,0.35,field_only_baseline,0.468,2.6100000000000003,5.582,11.838,0.00468,0.08008099823337822,0.15156226981901522,0.4050902966305216,mc_baseline,mc_logit_baseline,mc_logit_baseline,cut_logit_baseline,1.041042219433245,289.0410422194332,"[""low_history"", ""fallback_source""]"
Si Woo Kim,7081,South Korea,False,-0.249128137541499,0.5,0,0.35,field_only_baseline,0.464,2.656,5.54,12.030000000000001,0.00464,0.08020048969611235,0.15357513998309902,0.4081792566530893,mc_baseline,mc_logit_baseline,mc_logit_baseline,cut_logit_baseline,0.996512550165996,288.996512550166,"[""low_history"", ""fallback_source""]"
Stefano Mazzoli,10231,Italy,False,-0.26494512537027365,0.5,0,0.35,field_only_baseline,0.464,2.52,5.376,11.486,0.00464,0.07835436238375634,0.14854631698805046,0.4037926768278425,mc_baseline,mc_logit_baseline,mc_logit_baseline,cut_logit_baseline,1.0597805014810946,289.0597805014811,"[""low_history"", ""fallback_source""]"
Adrien Saddier,6962,France,False,-0.24482099873708119,0.5,0,0.35,field_only_baseline,0.45799999999999996,2.626,5.634,12.15,0.00458,0.08107467451243736,0.1547202817966304,0.4093763403017795,mc_baseline,mc_logit_baseline,mc_logit_baseline,cut_logit_baseline,0.9792839949483247,288.97928399494833,"[""low_history"", ""fallback_source""]"
Kensei Hirata,5075548,Japan,False,-0.25743914446850286,0.5,0,0.35,field_only_baseline,0.45799999999999996,2.496,5.588,11.972,0.00458,0.08023573601243914,0.15275490188517654,0.4058724652235333,mc_baseline,mc_logit_baseline,mc_logit_baseline,cut_logit_baseline,1.0297565778740114,289.029756577874,"[""low_history"", ""fallback_source""]"
Ben Kohles,6922,USA,False,-0.23827483241755396,0.5,0,0.35,field_only_baseline,0.45799999999999996,2.562,5.510000000000001,11.902,0.00458,0.08040296535525426,0.153018349378747,0.4111977715778432,mc_baseline,mc_logit_baseline,mc_logit_baseline,cut_logit_baseline,0.9530993296702158,288.95309932967024,"[""low_history"", ""fallback_source""]"
Max McGreevy,11383,USA,False,-0.2421080782257738,0.5,0,0.35,field_only_baseline,0.45799999999999996,2.622,5.646,12.26,0.00458,0.0812715482319068,0.15571707914214677,0.4101308953749146,mc_baseline,mc_logit_baseline,mc_logit_baseline,cut_logit_baseline,0.9684323129030952,288.9684323129031,"[""low_history"", ""fallback_source""]"
Patrick Fishburn,4358083,USA,False,-0.23963306647600444,0.5,0,0.35,field_only_baseline,0.45399999999999996,2.706,5.744,12.372,0.00454,0.08210425890575435,0.1567197570042478,0.4108196492432165,mc_baseline,mc_logit_baseline,mc_logit_baseline,cut_logit_baseline,0.9585322659040177,288.958532265904,"[""low_history"", ""fallback_source""]"
Mark Hubbard,9143,USA,False,-0.2555249775807664,0.5,0,0.35,field_only_baseline,0.45199999999999996,2.696,5.748,12.216000000000001,0.00452,0.08151033370629746,0.154788831505298,0.40640339456850655,mc_baseline,mc_logit_baseline,mc_logit_baseline,cut_logit_baseline,1.0220999103230657,289.02209991032305,"[""low_history"", ""fallback_source""]"
Emiliano Grillo,5882,Argentina,False,-0.2476910709433004,0.5,0,0.35,field_only_baseline,0.45199999999999996,2.566,5.562,11.87,0.00452,0.08042187072906185,0.15235687247742602,0.40857854042308056,mc_baseline,mc_logit_baseline,mc_logit_baseline,cut_logit_baseline,0.9907642837732016,288.9907642837732,"[""low_history"", ""fallback_source""]"
Ben James,5077389,USA,False,-0.25240465787877436,0.5,0,0.35,field_only_baseline,0.45199999999999996,2.564,5.5440000000000005,12.017999999999999,0.00452,0.08010219154373109,0.15333853813824455,0.40726934112433644,mc_baseline,mc_logit_baseline,mc_logit_baseline,cut_logit_baseline,1.0096186315150975,289.0096186315151,"[""low_history"", ""fallback_source""]"
Pontus Nyholm,4375977,Sweden,False,-0.24054375660967636,0.5,0,0.35,field_only_baseline,0.45199999999999996,2.654,5.6899999999999995,12.286,0.00452,0.08166328266157671,0.1559924908343794,0.41056617879436236,mc_baseline,mc_logit_baseline,mc_logit_baseline,cut_logit_baseline,0.9621750264387054,288.96217502643873,"[""low_history"", ""fallback_source""]"
Lee Hodges,4404991,USA,False,-0.2564767498316888,0.5,0,0.35,field_only_baseline,0.44999999999999996,2.48,5.554,12.012,0.0045,0.08001822699892228,0.15311608517683614,0.4061393756290441,mc_baseline,mc_logit_baseline,mc_logit_baseline,cut_logit_baseline,1.025906999326755,289.02590699932676,"[""low_history"", ""fallback_source""]"
Keenan Huskey,4425890,USA,False,-0.24381276933215856,0.5,0,0.35,field_only_baseline,0.44999999999999996,2.708,5.7,12.068,0.0045,0.08160936505697675,0.15410767186541244,0.40965671341661325,mc_baseline,mc_logit_baseline,mc_logit_baseline,cut_logit_baseline,0.9752510773286343,288.9752510773286,"[""low_history"", ""fallback_source""]"
Thorbjørn Olesen,5140,Denmark,False,-0.23631661073568197,0.5,0,0.35,field_only_baseline,0.44999999999999996,2.636,5.576,12.132,0.0045,0.08097550211982124,0.1549428864822331,0.4117431105902794,mc_baseline,mc_logit_baseline,mc_logit_baseline,cut_logit_baseline,0.9452664429427279,288.94526644294274,"[""low_history"", ""fallback_source""]"
Andrew Putnam,5502,USA,False,-0.24702991529182297,0.5,0,0.35,field_only_baseline,0.44999999999999996,2.646,5.682,12.256,0.0045,0.08134783267949702,0.1554732872711098,0.40876228069486303,mc_baseline,mc_logit_baseline,mc_logit_baseline,cut_logit_baseline,0.9881196611672919,288.9881196611673,"[""low_history"", ""fallback_source""]"
Hayden Springer,10562,USA,False,-0.255466004563604,0.5,0,0.35,field_only_baseline,0.44999999999999996,2.5919999999999996,5.58,11.968,0.0045,0.08025263385126301,0.15280735677502238,0.4064197552986008,mc_baseline,mc_logit_baseline,mc_logit_baseline,cut_logit_baseline,1.021864018254416,289.0218640182544,"[""low_history"", ""fallback_source""]"
Marco Penge,4585549,England,False,-0.2634131201958314,0.5,0,0.35,field_only_baseline,0.44999999999999996,2.4299999999999997,5.538,11.698,0.0045,0.07962868506538731,0.15030766118601135,0.4042168930999418,mc_baseline,mc_logit_baseline,mc_logit_baseline,cut_logit_baseline,1.0536524807833256,289.05365248078334,"[""low_history"", ""fallback_source""]"
Haotong Li,9221,China,False,-0.26380029876455674,0.5,0,0.35,field_only_baseline,0.44999999999999996,2.512,5.284,11.533999999999999,0.0045,0.07770868547885448,0.1489791426659522,0.4041096687884093,mc_baseline,mc_logit_baseline,mc_logit_baseline,cut_logit_baseline,1.055201195058227,289.0552011950582,"[""low_history"", ""fallback_source""]"
John VanDerLaan,4361934,USA,False,-0.25461898994623194,0.5,0,0.35,field_only_baseline,0.44799999999999995,2.532,5.614,11.927999999999999,0.00448,0.08054068269776823,0.152523633995372,0.40665476324583605,mc_baseline,mc_logit_baseline,mc_logit_baseline,cut_logit_baseline,1.0184759597849278,289.01847595978495,"[""low_history"", ""fallback_source""]"
Karl Vilips,5147097,Australia,False,-0.2361183202339146,0.5,0,0.35,field_only_baseline,0.44799999999999995,2.6839999999999997,5.744,12.21,0.00448,0.08224336051207687,0.15557545083601942,0.4117983439999625,mc_baseline,mc_logit_baseline,mc_logit_baseline,cut_logit_baseline,0.9444732809356584,288.94447328093565,"[""low_history"", ""fallback_source""]"
Daniel Azallion,5327834,USA,False,-0.23941945256302585,0.5,0,0.35,field_only_baseline,0.44799999999999995,2.548,5.584,11.92,0.00448,0.0809127015063253,0.15311296968009025,0.4108791108102429,mc_baseline,mc_logit_baseline,mc_logit_baseline,cut_logit_baseline,0.9576778102521034,288.9576778102521,"[""low_history"", ""fallback_source""]"
Lanto Griffin,5962,USA,False,-0.2383404666728667,0.5,0,0.35,field_only_baseline,0.44600000000000006,2.604,5.638,11.97,0.00446,0.08136036870212397,0.15355951719476443,0.4111794970700409,mc_baseline,mc_logit_baseline,mc_logit_baseline,cut_logit_baseline,0.9533618666914668,288.95336186669147,"[""low_history"", ""fallback_source""]"
Adam Svensson,9127,Canada,False,-0.2546516558014908,0.5,0,0.35,field_only_baseline,0.44400000000000006,2.564,5.5120000000000005,12.08,0.00444,0.07977440770888995,0.15373823467612677,0.4066456991669883,mc_baseline,mc_logit_baseline,mc_logit_baseline,cut_logit_baseline,1.0186066232059632,289.018606623206,"[""low_history"", ""fallback_source""]"
Danny Walker,4408319,USA,False,-0.24785715902523536,0.5,0,0.35,field_only_baseline,0.44400000000000006,2.64,5.692,12.203999999999999,0.00444,0.08139035109430176,0.15502173575315556,0.408532387272095,mc_baseline,mc_logit_baseline,mc_logit_baseline,cut_logit_baseline,0.9914286361009415,288.9914286361009,"[""low_history"", ""fallback_source""]"
Eric Cole,10522,USA,False,-0.2388615271877175,0.5,0,0.35,field_only_baseline,0.44200000000000006,2.588,5.45,11.944,0.00442,0.07992975924991641,0.15332903583345492,0.4110344271897568,mc_baseline,mc_logit_baseline,mc_logit_baseline,cut_logit_baseline,0.95544610875087,288.9554461087509,"[""low_history"", ""fallback_source""]"
Neal Shipley,5209442,USA,False,-0.24935412420526942,0.5,0,0.35,field_only_baseline,0.44200000000000006,2.6,5.666,12.166,0.00442,0.08113662957588291,0.15465343582147983,0.4081164780859885,mc_baseline,mc_logit_baseline,mc_logit_baseline,cut_logit_baseline,0.9974164968210777,288.9974164968211,"[""low_history"", ""fallback_source""]"
Hank Lebioda,11387,USA,False,-0.25244436405772447,0.5,0,0.35,field_only_baseline,0.44,2.62,5.696,11.964,0.0044,0.08124063891377001,0.15290483553718584,0.4072583182918745,mc_baseline,mc_logit_baseline,mc_logit_baseline,cut_logit_baseline,1.0097774562308979,289.0097774562309,"[""low_history"", ""fallback_source""]"
Garrick Higgo,11393,South Africa,False,-0.255768113946721,0.5,0,0.35,field_only_baseline,0.44,2.6,5.618,12.01,0.0044,0.08052585176544219,0.15313042092911802,0.4063359440754268,mc_baseline,mc_logit_baseline,mc_logit_baseline,cut_logit_baseline,1.023072455786884,289.02307245578686,"[""low_history"", ""fallback_source""]"
Christo Lamprecht,11395,South Africa,False,-0.23869547387671086,0.5,0,0.35,field_only_baseline,0.44,2.67,5.722,12.11,0.0044,0.0819763261774455,0.15466419970535175,0.4110806568674001,mc_baseline,mc_logit_baseline,mc_logit_baseline,cut_logit_baseline,0.9547818955068434,288.95478189550687,"[""low_history"", ""fallback_source""]"
Jeffrey Kang,4408318,USA,False,-0.2417013359038861,0.5,0,0.35,field_only_baseline,0.44,2.464,5.34,11.776,0.0044,0.0789925922479403,0.15186260247873512,0.4102440607555621,mc_baseline,mc_logit_baseline,mc_logit_baseline,cut_logit_baseline,0.9668053436155444,288.96680534361553,"[""low_history"", ""fallback_source""]"
Aaron Wise,10577,USA,False,-0.25462701058239373,0.5,0,0.35,field_only_baseline,0.438,2.48,5.4,11.940000000000001,0.00438,0.07893536963917716,0.1526192904105263,0.4066525376843026,mc_baseline,mc_logit_baseline,mc_logit_baseline,cut_logit_baseline,1.018508042329575,289.0185080423296,"[""low_history"", ""fallback_source""]"
Michael Brennan,4921329,USA,False,-0.23556837039314404,0.5,0,0.35,field_only_baseline,0.436,2.6679999999999997,5.758,12.002,0.00436,0.08237016213155286,0.1539352076168903,0.4119515430145765,mc_baseline,mc_logit_baseline,mc_logit_baseline,cut_logit_baseline,0.9422734815725762,288.94227348157256,"[""low_history"", ""fallback_source""]"
Ben Silverman,8910,Canada,False,-0.24412973440930474,0.5,0,0.35,field_only_baseline,0.436,2.48,5.4,11.863999999999999,0.00436,0.07934688365826714,0.1524620288834455,0.4095685639570513,mc_baseline,mc_logit_baseline,mc_logit_baseline,cut_logit_baseline,0.976518937637219,288.9765189376372,"[""low_history"", ""fallback_source""]"
Matti Schmid,4566443,Germany,False,-0.25211400657825034,0.5,0,0.35,field_only_baseline,0.436,2.636,5.678,12.052,0.00436,0.08111855843460743,0.1536230021920203,0.40735003167471107,mc_baseline,mc_logit_baseline,mc_logit_baseline,cut_logit_baseline,1.0084560263130014,289.008456026313,"[""low_history"", ""fallback_source""]"
Trace Crowe,11183,USA,False,-0.24655842588319407,0.5,0,0.35,field_only_baseline,0.436,2.5,5.434,11.748,0.00436,0.07950635559024789,0.15142955582147688,0.4088933268257263,mc_baseline,mc_logit_baseline,mc_logit_baseline,cut_logit_baseline,0.9862337035327763,288.9862337035328,"[""low_history"", ""fallback_source""]"
Kevin Streelman,1077,USA,False,-0.25153558892350075,0.5,0,0.35,field_only_baseline,0.434,2.598,5.6739999999999995,12.016,0.00434,0.08111118755149041,0.1533598114269465,0.4075106267230487,mc_baseline,mc_logit_baseline,mc_logit_baseline,cut_logit_baseline,1.006142355694003,289.006142355694,"[""low_history"", ""fallback_source""]"
Ryo Hisatsune,4858572,Japan,False,-0.2606011733938011,0.5,0,0.35,field_only_baseline,0.434,2.62,5.536,11.984,0.00434,0.07972276742895354,0.15271571677057777,0.4049959007896275,mc_baseline,mc_logit_baseline,mc_logit_baseline,cut_logit_baseline,1.0424046935752045,289.0424046935752,"[""low_history"", ""fallback_source""]"
Jackson Koivun,5215013,USA,False,-0.24299591744039112,0.5,0,0.35,field_only_baseline,0.434,2.572,5.566,12.084,0.00434,0.08063654599892986,0.15427084012670403,0.40988391046840855,mc_baseline,mc_logit_baseline,mc_logit_baseline,cut_logit_baseline,0.9719836697615645,288.9719836697616,"[""low_history"", ""fallback_source""]"
Zac Blair,9040,USA,False,-0.2567244592033616,0.5,0,0.35,field_only_baseline,0.434,2.478,5.514,11.852,0.00434,0.0797085743791475,0.15182548335844492,0.4060706706374786,mc_baseline,mc_logit_baseline,mc_logit_baseline,cut_logit_baseline,1.0268978368134465,289.0268978368134,"[""low_history"", ""fallback_source""]"
Michael Thorbjornsen,4425904,USA,False,-0.23848030787973673,0.5,0,0.35,field_only_baseline,0.432,2.6759999999999997,5.55,11.966000000000001,0.00432,0.08069483670767875,0.15352148318105593,0.41114056198081234,mc_baseline,mc_logit_baseline,mc_logit_baseline,cut_logit_baseline,0.9539212315189469,288.95392123151896,"[""low_history"", ""fallback_source""]"
Zach Bauchou,10030,USA,False,-0.2620391699362172,0.5,0,0.35,field_only_baseline,0.432,2.648,5.648000000000001,12.1,0.00432,0.08050695203866223,0.15358230261703007,0.40459746536645985,mc_baseline,mc_logit_baseline,mc_logit_baseline,cut_logit_baseline,1.0481566797448687,289.04815667974486,"[""low_history"", ""fallback_source""]"
Jordan Smith,9506,England,False,-0.24535900359050347,0.5,0,0.35,field_only_baseline,0.43,2.5020000000000002,5.578,12.054,0.0043,0.08063350864278956,0.15392913625052324,0.40922675350939725,mc_baseline,mc_logit_baseline,mc_logit_baseline,cut_logit_baseline,0.9814360143620139,288.98143601436203,"[""low_history"", ""fallback_source""]"
Pierceson Coody,4837368,USA,False,-0.2453003033065005,0.5,0,0.35,field_only_baseline,0.43,2.626,5.714,11.974,0.0043,0.08165581753681986,0.1532916613297017,0.409243073711853,mc_baseline,mc_logit_baseline,mc_logit_baseline,cut_logit_baseline,0.981201213226002,288.98120121322603,"[""low_history"", ""fallback_source""]"
Rico Hoey,11385,Philippines,False,-0.24298538182815196,0.5,0,0.35,field_only_baseline,0.43,2.492,5.4239999999999995,11.806,0.0043,0.07957196120504328,0.15204729380433332,0.4098868410675593,mc_baseline,mc_logit_baseline,mc_logit_baseline,cut_logit_baseline,0.9719415273126079,288.9719415273126,"[""low_history"", ""fallback_source""]"
Ricky Castillo,4691931,USA,False,-0.2418142480535466,0.5,0,0.35,field_only_baseline,0.43,2.754,5.79,12.064,0.0043,0.08236313786947537,0.15416173766195032,0.41021264495874277,mc_baseline,mc_logit_baseline,mc_logit_baseline,cut_logit_baseline,0.9672569922141864,288.9672569922142,"[""low_history"", ""fallback_source""]"
Andrew Novak,11332,USA,False,-0.2489998467508703,0.5,0,0.35,field_only_baseline,0.428,2.6679999999999997,5.592,11.934000000000001,0.00428,0.08059552025292895,0.15281264939390074,0.40821489686831847,mc_baseline,mc_logit_baseline,mc_logit_baseline,cut_logit_baseline,0.9959993870034812,288.9959993870035,"[""low_history"", ""fallback_source""]"
Chandler Phillips,4587989,USA,False,-0.24922513892506834,0.5,0,0.35,field_only_baseline,0.428,2.576,5.596,12.01,0.00428,0.08061668641915729,0.1534109744970177,0.4081523095282742,mc_baseline,mc_logit_baseline,mc_logit_baseline,cut_logit_baseline,0.9969005557002734,288.9969005557003,"[""low_history"", ""fallback_source""]"
Marcelo Rozo,7120,Colombia,False,-0.23979837518064268,0.5,0,0.35,field_only_baseline,0.428,2.612,5.593999999999999,12.088000000000001,0.00428,0.08097272647947185,0.15444062822001042,0.4107736357016722,mc_baseline,mc_logit_baseline,mc_logit_baseline,cut_logit_baseline,0.9591935007225707,288.95919350072256,"[""low_history"", ""fallback_source""]"
Brandt Snedeker,1222,USA,False,-0.23919157662526508,0.5,0,0.35,field_only_baseline,0.426,2.544,5.498,11.594,0.00426,0.08027670942164475,0.1505147984065863,0.41094254522453294,mc_baseline,mc_logit_baseline,mc_logit_baseline,cut_logit_baseline,0.9567663065010603,288.95676630650104,"[""low_history"", ""fallback_source""]"
Taylor Moore,10664,USA,False,-0.26016968482294345,0.5,0,0.35,field_only_baseline,0.426,2.566,5.412,11.772,0.00426,0.07880952857499396,0.15103815265316933,0.40511548069006265,mc_baseline,mc_logit_baseline,mc_logit_baseline,cut_logit_baseline,1.0406787392917738,289.04067873929176,"[""low_history"", ""fallback_source""]"
Sudarshan Yellamaraju,5143175,Canada,False,-0.2643852131695918,0.5,0,0.35,field_only_baseline,0.426,2.5260000000000002,5.446,11.598,0.00426,0.07890103464724554,0.14946619349139298,0.40394770135139013,mc_baseline,mc_logit_baseline,mc_logit_baseline,cut_logit_baseline,1.0575408526783672,289.05754085267836,"[""low_history"", ""fallback_source""]"
Rasmus Neergaard-Petersen,4858859,Denmark,False,-0.254762436286491,0.5,0,0.35,field_only_baseline,0.424,2.45,5.426,11.690000000000001,0.00424,0.0791250840667666,0.15061348928510798,0.4066149604161341,mc_baseline,mc_logit_baseline,mc_logit_baseline,cut_logit_baseline,1.019049745145964,289.019049745146,"[""low_history"", ""fallback_source""]"
Chad Ramey,10057,USA,False,-0.2588433561995261,0.5,0,0.35,field_only_baseline,0.424,2.506,5.466,11.95,0.00424,0.07926608746138616,0.15251884424168602,0.40548312111796364,mc_baseline,mc_logit_baseline,mc_logit_baseline,cut_logit_baseline,1.0353734247981043,289.0353734247981,"[""low_history"", ""fallback_source""]"
Erik van Rooyen,9364,South Africa,False,-0.24834947861576206,0.5,0,0.35,field_only_baseline,0.424,2.598,5.728,12.292,0.00424,0.08164103081222152,0.1557045841352165,0.4083955892187834,mc_baseline,mc_logit_baseline,mc_logit_baseline,cut_logit_baseline,0.9933979144630483,288.99339791446306,"[""low_history"", ""fallback_source""]"
Ryan Gerard,5076021,USA,False,-0.2636606367767464,0.5,0,0.35,field_only_baseline,0.42,2.452,5.312,11.645999999999999,0.0042,0.07792409552973183,0.14988110084589965,0.40414834539183614,mc_baseline,mc_logit_baseline,mc_logit_baseline,cut_logit_baseline,1.0546425471069856,289.054642547107,"[""low_history"", ""fallback_source""]"
Patrick Wilkes-Krier,4683,USA,False,-0.25979834905005955,0.5,0,0.35,field_only_baseline,0.42,2.528,5.482,11.82,0.0042,0.07934895791401189,0.15143802131811407,0.40521839925626596,mc_baseline,mc_logit_baseline,mc_logit_baseline,cut_logit_baseline,1.0391933962002382,289.03919339620023,"[""low_history"", ""fallback_source""]"
Matt Wallace,10548,England,False,-0.24584427916231666,0.5,0,0.35,field_only_baseline,0.42,2.6519999999999997,5.716,12.126000000000001,0.0042,0.0816494252990008,0.1544842639410366,0.40909184197010506,mc_baseline,mc_logit_baseline,mc_logit_baseline,cut_logit_baseline,0.9833771166492666,288.98337711664925,"[""low_history"", ""fallback_source""]"
Peter Malnati,5692,USA,False,-0.24967780291444572,0.5,0,0.35,field_only_baseline,0.418,2.5180000000000002,5.53,12.016,0.00418,0.08010394219481239,0.1534395383478166,0.4080265661197953,mc_baseline,mc_logit_baseline,mc_logit_baseline,cut_logit_baseline,0.9987112116577829,288.9987112116578,"[""low_history"", ""fallback_source""]"
Dylan Wu,4423323,USA,False,-0.2637324529021821,0.5,0,0.35,field_only_baseline,0.418,2.588,5.604,11.946,0.00418,0.08011131352801339,0.15227803702013668,0.4041284571987528,mc_baseline,mc_logit_baseline,mc_logit_baseline,cut_logit_baseline,1.0549298116087285,289.0549298116087,"[""low_history"", ""fallback_source""]"
Luke Clanton,5215039,USA,False,-0.2570679899263354,0.5,0,0.35,field_only_baseline,0.418,2.54,5.558,11.88,0.00418,0.0800251911303459,0.15203478240335092,0.4059753945976009,mc_baseline,mc_logit_baseline,mc_logit_baseline,cut_logit_baseline,1.0282719597053416,289.02827195970536,"[""low_history"", ""fallback_source""]"
Ben Griffin,4404992,USA,False,-0.2477011263772615,0.5,0,0.35,field_only_baseline,0.418,2.598,5.602,12.132,0.00418,0.08072147598674681,0.15445244038522885,0.40857574613723563,mc_baseline,mc_logit_baseline,mc_logit_baseline,cut_logit_baseline,0.990804505509046,288.99080450550906,"[""low_history"", ""fallback_source""]"
Jake Knapp,9843,USA,False,-0.2646663935551574,0.5,0,0.35,field_only_baseline,0.418,2.508,5.476,11.872,0.00418,0.07911514986149104,0.15164620227189085,0.4038698477193169,mc_baseline,mc_logit_baseline,mc_logit_baseline,cut_logit_baseline,1.0586655742206297,289.05866557422064,"[""low_history"", ""fallback_source""]"
William Mouw,5076025,USA,False,-0.24056076568448004,0.5,0,0.35,field_only_baseline,0.418,2.596,5.564,12.25,0.00418,0.08071761098600015,0.15570375760617614,0.41056144514599263,mc_baseline,mc_logit_baseline,mc_logit_baseline,cut_logit_baseline,0.9622430627379202,288.9622430627379,"[""low_history"", ""fallback_source""]"
Sam Stevens,4426181,USA,False,-0.2616053809869581,0.5,0,0.35,field_only_baseline,0.418,2.3539999999999996,5.390000000000001,11.872,0.00418,0.07858878237591051,0.15177682471657453,0.404717644985215,mc_baseline,mc_logit_baseline,mc_logit_baseline,cut_logit_baseline,1.0464215239478325,289.04642152394786,"[""low_history"", ""fallback_source""]"
Mackenzie Hughes,6931,Canada,False,-0.26410668855512204,0.5,0,0.35,field_only_baseline,0.416,2.5260000000000002,5.526,11.804,0.00416,0.0795118191441068,0.15112607296488417,0.4040248244177243,mc_baseline,mc_logit_baseline,mc_logit_baseline,cut_logit_baseline,1.0564267542204882,289.05642675422047,"[""low_history"", ""fallback_source""]"
Jackson Suber,4982182,USA,False,-0.25158903656913645,0.5,0,0.35,field_only_baseline,0.414,2.624,5.646,11.97,0.00414,0.08089909609299638,0.15298951870381883,0.4074957863965993,mc_baseline,mc_logit_baseline,mc_logit_baseline,cut_logit_baseline,1.0063561462765458,289.0063561462766,"[""low_history"", ""fallback_source""]"
David Lipsky,6701,USA,False,-0.26131516066992544,0.5,0,0.35,field_only_baseline,0.414,2.516,5.426,11.81,0.00414,0.07887004587188359,0.15129321869845802,0.4047980558270035,mc_baseline,mc_logit_baseline,mc_logit_baseline,cut_logit_baseline,1.0452606426797018,289.0452606426797,"[""low_history"", ""fallback_source""]"
Austin Smotherman,11056,USA,False,-0.2500098212750186,0.5,0,0.35,field_only_baseline,0.414,2.516,5.367999999999999,11.688,0.00414,0.07887593145796276,0.15080128489748262,0.40793434394863276,mc_baseline,mc_logit_baseline,mc_logit_baseline,cut_logit_baseline,1.0000392851000743,289.00003928510006,"[""low_history"", ""fallback_source""]"
Joe Hooks,5291807,USA,False,-0.25009198504152985,0.5,0,0.35,field_only_baseline,0.414,2.5780000000000003,5.608,11.916,0.00414,0.08067271227582909,0.15262175795869515,0.4079115229554321,mc_baseline,mc_logit_baseline,mc_logit_baseline,cut_logit_baseline,1.0003679401661194,289.00036794016614,"[""low_history"", ""fallback_source""]"
Justin Quiban,11409,Samoa,False,-0.25877945031360244,0.5,0,0.35,field_only_baseline,0.414,2.458,5.486,11.97,0.00414,0.07941857313796818,0.15268157664594098,0.4055008376488854,mc_baseline,mc_logit_baseline,mc_logit_baseline,cut_logit_baseline,1.0351178012544098,289.0351178012544,"[""low_history"", ""fallback_source""]"
Kristoffer Ventura,4351896,Norway,False,-0.2517716868097828,0.5,0,0.35,field_only_baseline,0.41000000000000003,2.52,5.489999999999999,11.956,0.0041,0.07972194951113312,0.15286968404197307,0.4074450728230093,mc_baseline,mc_logit_baseline,mc_logit_baseline,cut_logit_baseline,1.0070867472391312,289.00708674723916,"[""low_history"", ""fallback_source""]"
Keita Nakajima,4699418,Japan,False,-0.2578166045906992,0.5,0,0.35,field_only_baseline,0.41000000000000003,2.5700000000000003,5.538,11.722000000000001,0.0041,0.0798460398929874,0.15073875430187197,0.40576779565477933,mc_baseline,mc_logit_baseline,mc_logit_baseline,cut_logit_baseline,1.0312664183627969,289.0312664183628,"[""low_history"", ""fallback_source""]"
Brice Garnett,2283,USA,False,-0.2620164398632516,0.5,0,0.35,field_only_baseline,0.40800000000000003,2.426,5.382,11.828,0.00408,0.07851283377906754,0.15140727306456211,0.40460376236496354,mc_baseline,mc_logit_baseline,mc_logit_baseline,cut_logit_baseline,1.0480657594530065,289.048065759453,"[""low_history"", ""fallback_source""]"
Adrien Dumont de Chassart,5076011,Belgium,False,-0.23916004165638238,0.5,0,0.35,field_only_baseline,0.40800000000000003,2.5100000000000002,5.6160000000000005,12.19,0.00408,0.08116295612956155,0.15528415864855852,0.4109513239286742,mc_baseline,mc_logit_baseline,mc_logit_baseline,cut_logit_baseline,0.9566401666255295,288.9566401666255,"[""low_history"", ""fallback_source""]"
Patrick Rodgers,6825,USA,False,-0.25189697594309624,0.5,0,0.35,field_only_baseline,0.406,2.568,5.504,11.97,0.00406,0.07982204793184493,0.1529763102187236,0.4074102869315827,mc_baseline,mc_logit_baseline,mc_logit_baseline,cut_logit_baseline,1.007587903772385,289.0075879037724,"[""low_history"", ""fallback_source""]"
Davis Chatfield,5113338,USA,False,-0.2644340027541467,0.5,0,0.35,field_only_baseline,0.404,2.5340000000000003,5.504,11.86,0.00404,0.07933414576839515,0.15156011270065747,0.40393419207372583,mc_baseline,mc_logit_baseline,mc_logit_baseline,cut_logit_baseline,1.0577360110165868,289.0577360110166,"[""low_history"", ""fallback_source""]"
Doug Ghim,11456,USA,False,-0.2506113861560848,0.5,0,0.35,field_only_baseline,0.404,2.626,5.606,11.912,0.00404,0.08063736717952061,0.15256746529951518,0.4077672684455344,mc_baseline,mc_logit_baseline,mc_logit_baseline,cut_logit_baseline,1.0024455446243392,289.0024455446243,"[""low_history"", ""fallback_source""]"
Brad Dalke,10488,USA,False,-0.25668304509988127,0.5,0,0.35,field_only_baseline,0.402,2.402,5.382,11.652,0.00402,0.07872018804557973,0.15022725577569315,0.4060821570508683,mc_baseline,mc_logit_baseline,mc_logit_baseline,cut_logit_baseline,1.026732180399525,289.0267321803995,"[""low_history"", ""fallback_source""]"
Vince Whaley,4408315,USA,False,-0.2622729874978012,0.5,0,0.35,field_only_baseline,0.4,2.538,5.516,11.82,0.004,0.07950788280503238,0.15133232049037915,0.4045326918222517,mc_baseline,mc_logit_baseline,mc_logit_baseline,cut_logit_baseline,1.0490919499912048,289.0490919499912,"[""low_history"", ""fallback_source""]"
Zecheng Dou,8889,China,False,-0.25859209837009944,0.5,0,0.35,field_only_baseline,0.398,2.636,5.4719999999999995,11.756,0.00398,0.07932086112159532,0.15097758765040245,0.4055527783594318,mc_baseline,mc_logit_baseline,mc_logit_baseline,cut_logit_baseline,1.0343683934803978,289.0343683934804,"[""low_history"", ""fallback_source""]"
Matthieu Pavon,10596,France,False,-0.2887501526807053,0.5697660787095107,20,0.55,masters_prediction_fallback,0.398,2.37,5.276,11.532,0.00398,0.07669229279227616,0.1479048419618696,0.4259339085082194,mc_baseline,mc_logit_baseline,mc_logit_baseline,cut_logit_baseline,1.1550006107228212,289.1550006107228,"[""fallback_source""]"
Kevin Roy,4408320,USA,False,-0.2639441178620197,0.5,0,0.35,field_only_baseline,0.398,2.492,5.334,11.688,0.00398,0.07807811505395766,0.15020500753307764,0.40406984220136016,mc_baseline,mc_logit_baseline,mc_logit_baseline,cut_logit_baseline,1.0557764714480788,289.0557764714481,"[""low_history"", ""fallback_source""]"
Justin Lower,9144,USA,False,-0.26266948610722773,0.5,0,0.35,field_only_baseline,0.398,2.5340000000000003,5.464,11.764,0.00398,0.07910250759716744,0.15086739561460744,0.40442285899976366,mc_baseline,mc_logit_baseline,mc_logit_baseline,cut_logit_baseline,1.050677944428911,289.0506779444289,"[""low_history"", ""fallback_source""]"
Jacob Bridgeman,5054388,USA,False,-0.2618033434559599,0.5,0,0.35,field_only_baseline,0.396,2.424,5.322,11.526,0.00396,0.07807110098464101,0.149000371581208,0.4046627987996543,mc_baseline,mc_logit_baseline,mc_logit_baseline,cut_logit_baseline,1.0472133738238396,289.04721337382387,"[""low_history"", ""fallback_source""]"
Rickie Fowler,3702,USA,False,-0.2475096491054887,0.5,0,0.35,field_only_baseline,0.394,2.538,5.593999999999999,12.072,0.00394,0.08066899330144849,0.15398066869168883,0.40862895641496466,mc_baseline,mc_logit_baseline,mc_logit_baseline,cut_logit_baseline,0.9900385964219548,288.990038596422,"[""low_history"", ""fallback_source""]"
Ryan Celano,5075260,USA,False,-0.26144575166433254,0.5,0,0.35,field_only_baseline,0.392,2.556,5.55,11.808,0.00392,0.07979497727773201,0.15127164155271133,0.4047618725732152,mc_baseline,mc_logit_baseline,mc_logit_baseline,cut_logit_baseline,1.0457830066573301,289.0457830066573,"[""low_history"", ""fallback_source""]"
Brendon Todd,3454,USA,False,-0.24980215285550852,0.5,0,0.35,field_only_baseline,0.392,2.63,5.702,12.02,0.00392,0.08138906889906676,0.15346619979301526,0.4079920256397574,mc_baseline,mc_logit_baseline,mc_logit_baseline,cut_logit_baseline,0.9992086114220341,288.99920861142203,"[""low_history"", ""fallback_source""]"
A.J. Ewart,5075652,Canada,False,-0.2611088663097724,0.5,0,0.35,field_only_baseline,0.392,2.44,5.454,11.828,0.00392,0.07908805384522971,0.151446029578567,0.4048552165563239,mc_baseline,mc_logit_baseline,mc_logit_baseline,cut_logit_baseline,1.0444354652390897,289.0444354652391,"[""low_history"", ""fallback_source""]"
Jesper Svensson,4699329,Sweden,False,-0.26073725550569066,0.5,0,0.35,field_only_baseline,0.386,2.54,5.548,11.863999999999999,0.00386,0.07980748257778959,0.15174990324169688,0.4049581902273094,mc_baseline,mc_logit_baseline,mc_logit_baseline,cut_logit_baseline,1.0429490220227626,289.04294902202275,"[""low_history"", ""fallback_source""]"
Johnny Keefer,5217048,USA,False,-0.26010118894397777,0.5,0,0.35,field_only_baseline,0.384,2.5,5.496,11.694,0.00384,0.07944218984726041,0.15041707955571137,0.40513446422280996,mc_baseline,mc_logit_baseline,mc_logit_baseline,cut_logit_baseline,1.040404755775911,289.0404047557759,"[""low_history"", ""fallback_source""]"
Steven Fisk,4426182,USA,False,-0.2626228430791811,0.5,0,0.35,field_only_baseline,0.384,2.428,5.324,11.591999999999999,0.00384,0.07805431603134252,0.14949338645327254,0.404435778940433,mc_baseline,mc_logit_baseline,mc_logit_baseline,cut_logit_baseline,1.0504913723167244,289.05049137231674,"[""low_history"", ""fallback_source""]"
Takumi Kanaya,4410612,Japan,False,-0.24504192117369777,0.5,0,0.35,field_only_baseline,0.376,2.5780000000000003,5.4559999999999995,11.826,0.00376,0.0797309819720643,0.15211877680406613,0.40931491302774053,mc_baseline,mc_logit_baseline,mc_logit_baseline,cut_logit_baseline,0.9801676846947911,288.9801676846948,"[""low_history"", ""fallback_source""]"
Ryan Ruffels,10096,Australia,False,-0.26033349078505613,0.5,0,0.35,field_only_baseline,0.368,2.5420000000000003,5.5280000000000005,11.638,0.00368,0.07967316483326817,0.14995915341656665,0.4050700832579278,mc_baseline,mc_logit_baseline,mc_logit_baseline,cut_logit_baseline,1.0413339631402245,289.04133396314023,"[""low_history"", ""fallback_source""]"
John Parry,4671,England,False,-0.2633573158593749,0.5,0,0.35,field_only_baseline,0.362,2.35,5.404,11.668000000000001,0.00362,0.07862584736654993,0.15007004225230808,0.40423234817443926,mc_baseline,mc_logit_baseline,mc_logit_baseline,cut_logit_baseline,1.0534292634374995,289.0534292634375,"[""low_history"", ""fallback_source""]"
Gordon Sargent,5139663,USA,False,-0.2640026266265201,0.5,0,0.35,field_only_baseline,0.35400000000000004,2.566,5.432,11.582,0.00354,0.0788108490741877,0.14935451174119735,0.40405364023349566,mc_baseline,mc_logit_baseline,mc_logit_baseline,cut_logit_baseline,1.0560105065060803,289.0560105065061,"[""low_history"", ""fallback_source""]"
Billy Horschel,1651,USA,False,-0.3732643142686682,0.495709159756628,20,0.55,masters_prediction_fallback,0.35200000000000004,2.102,4.696,10.113999999999999,0.00352,0.06924940744727139,0.13306764939385674,0.37249023969919104,mc_baseline,mc_logit_baseline,mc_logit_baseline,cut_logit_baseline,1.4930572570746727,289.49305725707467,"[""fallback_source""]"
Austin Eckroat,4425898,USA,False,-0.3191764194453573,0.5425243152244398,20,0.55,masters_prediction_fallback,0.338,2.198,4.806,10.86,0.00338,0.07202791199591153,0.1412548057824001,0.40618441044239695,mc_baseline,mc_logit_baseline,mc_logit_baseline,cut_logit_baseline,1.2767056777814292,289.2767056777814,"[""fallback_source""]"
Brian Campbell,9525,USA,False,-0.3835535513938737,0.471573735495272,20,0.55,masters_prediction_fallback,0.316,1.984,4.484,10.058,0.00316,0.0672980632690938,0.13220419497745337,0.36021958000426496,mc_baseline,mc_logit_baseline,mc_logit_baseline,cut_logit_baseline,1.5342142055754948,289.5342142055755,"[""fallback_source""]"
Kevin Yu,4349547,Chinese Taipei,False,-0.5447706297588574,0.4821322508218932,20,0.55,masters_prediction_fallback,0.212,1.4460000000000002,3.49,7.95,0.00212,0.05459413903678978,0.10911661375961226,0.3225972414825372,mc_baseline,mc_logit_baseline,mc_logit_baseline,cut_logit_baseline,2.1790825190354295,290.17908251903543,"[""fallback_source""]"
Patton Kizzire,3980,USA,False,-0.5677405539734683,0.5170974196304721,20,0.55,masters_prediction_fallback,0.20600000000000002,1.396,3.274,7.502000000000001,0.00206,0.052287202551100406,0.10469023854566857,0.3298560873985976,mc_baseline,mc_logit_baseline,mc_logit_baseline,cut_logit_baseline,2.2709622158938734,290.27096221589386,"[""fallback_source""]"
William Jennings,5360550,USA,True,-0.5489939843500019,0.34,0,0.35,field_only_baseline,0.196,1.434,3.3160000000000003,7.902000000000001,0.00196,0.05316173254848072,0.10857689406757519,0.27123947417729544,mc_baseline,mc_logit_baseline,mc_logit_baseline,cut_logit_baseline,2.1959759374000076,290.1959759374,"[""amateur"", ""low_history"", ""fallback_source""]"
Michael Kim,8974,USA,False,-0.6756135497073016,0.4278752456688939,20,0.55,masters_prediction_fallback,0.164,1.058,2.6839999999999997,6.497999999999999,0.00164,0.04482762598088495,0.09285175477534696,0.2719863999541886,mc_baseline,mc_logit_baseline,mc_logit_baseline,cut_logit_baseline,2.7024541988292063,290.70245419882923,"[""fallback_source""]"
Lucas Glover,676,USA,False,-0.8340142827851293,0.4034982332714346,20,0.55,masters_prediction_fallback,0.116,0.8380000000000001,2.078,5.048,0.00116,0.03636260168847139,0.07610829963308514,0.23002510971798704,mc_baseline,mc_logit_baseline,mc_logit_baseline,cut_logit_baseline,3.3360571311405174,291.33605713114054,"[""fallback_source""]"
Joe Highsmith,4868733,USA,False,-0.9280511662154072,0.4547344290025975,20,0.55,masters_prediction_fallback,0.07200000000000001,0.618,1.5959999999999999,4.314,0.00072,0.030696499313780382,0.06743031253137086,0.2263196695129455,mc_baseline,mc_logit_baseline,mc_logit_baseline,cut_logit_baseline,3.7122046648616287,291.71220466486164,"[""fallback_source""]"
Tom Hoge,6086,USA,False,-1.059400686270209,0.3836201615701026,20,0.55,masters_prediction_fallback,0.055999999999999994,0.48,1.202,3.3680000000000003,0.00056,0.02518735738316205,0.05624273447039993,0.1822530971137222,mc_baseline,mc_logit_baseline,mc_logit_baseline,cut_logit_baseline,4.237602745080836,292.23760274508084,"[""fallback_source""]"
Nick Dunlap,4832046,USA,False,-1.3595798865904374,0.4013895374193756,20,0.55,masters_prediction_fallback,0.036000000000000004,0.27599999999999997,0.744,2.026,0.00036,0.017085776636065288,0.03846743781916376,0.1398959238091015,mc_baseline,mc_logit_baseline,mc_logit_baseline,cut_logit_baseline,5.4383195463617495,293.43831954636175,"[""fallback_source""]"
Adam Schenk,10372,USA,False,-1.4720204118036584,0.2661122621223732,20,0.55,masters_prediction_fallback,0.03,0.186,0.536,1.584,0.0003,0.014132240793923563,0.03270087511917905,0.10197844279897698,mc_baseline,mc_logit_baseline,mc_logit_baseline,cut_logit_baseline,5.888081647214634,293.8880816472146,"[""fallback_source""]"
Davis Riley,10058,USA,False,-1.5046448101258645,0.3573990063376492,20,0.55,masters_prediction_fallback,0.02,0.19,0.52,1.58,0.0002,0.01363912745349714,0.0320598839123233,0.11327029821092652,mc_baseline,mc_logit_baseline,mc_logit_baseline,cut_logit_baseline,6.018579240503458,294.01857924050347,"[""fallback_source""]"
Cam Davis,10863,Australia,False,-1.618023231692813,0.2613455094401603,20,0.55,masters_prediction_fallback,0.018000000000000002,0.14200000000000002,0.396,1.1520000000000001,0.00018,0.011512598109535171,0.026646261074083,0.08695143318599916,mc_baseline,mc_logit_baseline,mc_logit_baseline,cut_logit_baseline,6.472092926771252,294.47209292677127,"[""fallback_source""]"
Rafael Campos,3683,Puerto Rico,False,-1.6678490387833511,0.2912462041425904,20,0.55,masters_prediction_fallback,0.006,0.11399999999999999,0.34199999999999997,1.006,6e-05,0.010627787914114393,0.024663615119462558,0.0864392636968415,mc_baseline,mc_logit_baseline,mc_logit_baseline,cut_logit_baseline,6.6713961551334044,294.6713961551334,"[""fallback_source""]"
